<dreme version="5.1.1" release="Wed Jan 29 15:00:42 2020 -0800">
  <model>
    <command_line>dreme -oc MSE_concordant -p enhancer_list.MSE.concordant.fasta -n enhancer_list.MSE.no_significant.fasta -dna</command_line>
    <positives name="enhancer list.MSE.concordant" count="648" file="enhancer_list.MSE.concordant.fasta" last_mod_date="Mon Jul 06 01:06:09 CST 2020" />
    <negatives name="enhancer list.MSE.no significant" count="3916" from="file" file="enhancer_list.MSE.no_significant.fasta" last_mod_date="Mon Jul 06 01:06:09 CST 2020" />
    <alphabet name="DNA" like="dna">
      <letter id="A" symbol="A" complement="T" name="Adenine" colour="CC0000"/>
      <letter id="C" symbol="C" complement="G" name="Cytosine" colour="0000CC"/>
      <letter id="G" symbol="G" complement="C" name="Guanine" colour="FFB300"/>
      <letter id="T" symbol="T" aliases="U" complement="A" name="Thymine" colour="008000"/>
      <letter id="N" symbol="N" aliases="X." equals="ACGT" name="Any base"/>
      <letter id="V" symbol="V" equals="ACG" name="Not T"/>
      <letter id="H" symbol="H" equals="ACT" name="Not G"/>
      <letter id="D" symbol="D" equals="AGT" name="Not C"/>
      <letter id="B" symbol="B" equals="CGT" name="Not A"/>
      <letter id="M" symbol="M" equals="AC" name="Amino"/>
      <letter id="R" symbol="R" equals="AG" name="Purine"/>
      <letter id="W" symbol="W" equals="AT" name="Weak"/>
      <letter id="S" symbol="S" equals="CG" name="Strong"/>
      <letter id="Y" symbol="Y" equals="CT" name="Pyrimidine"/>
      <letter id="K" symbol="K" equals="GT" name="Keto"/>
    </alphabet>
    <strands>both</strands>
    <background A="0.252" C="0.249" G="0.249" T="0.250" from="dataset"/>
    <stop evalue="0.05"/>
    <ngen>100</ngen>
    <add_pv_thresh>0.01</add_pv_thresh>
    <seed>1</seed>
    <host>bits3</host>
    <when>Mon Jul 06 01:30:38 CST 2020</when>
  </model>
  <motifs>
    <motif id="m01" alt="DREME-1" seq="CGSGGS" length="6" nsites="1666" p="446" n="2128" pvalue="2.0e-012" evalue="8.9e-008" unerased_evalue="8.9e-008">
      <pos A="0.000000" C="1.000000" G="0.000000" T="0.000000"/>
      <pos A="0.000000" C="0.000000" G="1.000000" T="0.000000"/>
      <pos A="0.000000" C="0.286315" G="0.713685" T="0.000000"/>
      <pos A="0.000000" C="0.000000" G="1.000000" T="0.000000"/>
      <pos A="0.000000" C="0.000000" G="1.000000" T="0.000000"/>
      <pos A="0.000000" C="0.527011" G="0.472989" T="0.000000"/>
      <match seq="CGGGGC" p="317" n="1460" pvalue="1.6e-008" evalue="7.1e-004"/>
      <match seq="CGCGGG" p="171" n="673" pvalue="4.8e-008" evalue="2.2e-003"/>
      <match seq="CGGGGG" p="296" n="1366" pvalue="1.1e-007" evalue="4.8e-003"/>
      <match seq="CGCGGC" p="146" n="595" pvalue="3.8e-006" evalue="1.7e-001"/>
    </motif>
    <motif id="m02" alt="DREME-2" seq="GGGCGS" length="6" nsites="1056" p="416" n="2036" pvalue="3.9e-009" evalue="1.7e-004" unerased_evalue="1.3e-005">
      <pos A="0.000000" C="0.000000" G="1.000000" T="0.000000"/>
      <pos A="0.000000" C="0.000000" G="1.000000" T="0.000000"/>
      <pos A="0.000000" C="0.000000" G="1.000000" T="0.000000"/>
      <pos A="0.000000" C="1.000000" G="0.000000" T="0.000000"/>
      <pos A="0.000000" C="0.000000" G="1.000000" T="0.000000"/>
      <pos A="0.000000" C="0.400568" G="0.599432" T="0.000000"/>
      <match seq="GGGCGG" p="322" n="1511" pvalue="7.3e-008" evalue="3.2e-003"/>
      <match seq="GGGCGC" p="264" n="1244" pvalue="5.5e-006" evalue="2.4e-001"/>
    </motif>
    <motif id="m03" alt="DREME-3" seq="CCSGSAG" length="7" nsites="568" p="335" n="1550" pvalue="5.3e-009" evalue="2.3e-004" unerased_evalue="2.1e-004">
      <pos A="0.000000" C="1.000000" G="0.000000" T="0.000000"/>
      <pos A="0.000000" C="1.000000" G="0.000000" T="0.000000"/>
      <pos A="0.000000" C="0.373239" G="0.626761" T="0.000000"/>
      <pos A="0.000000" C="0.000000" G="1.000000" T="0.000000"/>
      <pos A="0.000000" C="0.360915" G="0.639085" T="0.000000"/>
      <pos A="1.000000" C="0.000000" G="0.000000" T="0.000000"/>
      <pos A="0.000000" C="0.000000" G="1.000000" T="0.000000"/>
      <match seq="CCGGGAG" p="210" n="953" pvalue="1.2e-005" evalue="5.1e-001"/>
      <match seq="CCGGCAG" p="92" n="373" pvalue="2.9e-004" evalue="1.3e+001"/>
      <match seq="CCCGGAG" p="96" n="411" pvalue="1.1e-003" evalue="4.6e+001"/>
      <match seq="CCCGCAG" p="84" n="383" pvalue="9.4e-003" evalue="4.1e+002"/>
    </motif>
    <motif id="m04" alt="DREME-4" seq="CCGGNCC" length="7" nsites="386" p="249" n="1071" pvalue="1.1e-008" evalue="4.9e-004" unerased_evalue="3.4e-004">
      <pos A="0.000000" C="1.000000" G="0.000000" T="0.000000"/>
      <pos A="0.000000" C="1.000000" G="0.000000" T="0.000000"/>
      <pos A="0.000000" C="0.000000" G="1.000000" T="0.000000"/>
      <pos A="0.000000" C="0.000000" G="1.000000" T="0.000000"/>
      <pos A="0.137306" C="0.357513" G="0.367876" T="0.137306"/>
      <pos A="0.000000" C="1.000000" G="0.000000" T="0.000000"/>
      <pos A="0.000000" C="1.000000" G="0.000000" T="0.000000"/>
      <match seq="CCGGGCC" p="120" n="491" pvalue="4.2e-005" evalue="1.8e+000"/>
      <match seq="CCGGACC" p="53" n="190" pvalue="6.2e-004" evalue="2.7e+001"/>
      <match seq="CCGGTCC" p="50" n="199" pvalue="5.5e-003" evalue="2.4e+002"/>
      <match seq="CCGGCCC" p="123" n="585" pvalue="5.8e-003" evalue="2.5e+002"/>
    </motif>
    <motif id="m05" alt="DREME-5" seq="CGCTBCG" length="7" nsites="102" p="84" n="271" pvalue="4.5e-007" evalue="1.9e-002" unerased_evalue="3.1e-003">
      <pos A="0.000000" C="1.000000" G="0.000000" T="0.000000"/>
      <pos A="0.000000" C="0.000000" G="1.000000" T="0.000000"/>
      <pos A="0.000000" C="1.000000" G="0.000000" T="0.000000"/>
      <pos A="0.000000" C="0.000000" G="0.000000" T="1.000000"/>
      <pos A="0.000000" C="0.392157" G="0.421569" T="0.186275"/>
      <pos A="0.000000" C="1.000000" G="0.000000" T="0.000000"/>
      <pos A="0.000000" C="0.000000" G="1.000000" T="0.000000"/>
      <match seq="CGCTGCG" p="42" n="139" pvalue="6.1e-004" evalue="2.7e+001"/>
      <match seq="CGCTCCG" p="37" n="117" pvalue="6.4e-004" evalue="2.8e+001"/>
      <match seq="CGCTTCG" p="20" n="57" pvalue="4.3e-003" evalue="1.9e+002"/>
    </motif>
    <motif id="m06" alt="DREME-6" seq="GCGSGM" length="6" nsites="594" p="335" n="1615" pvalue="4.4e-007" evalue="1.9e-002" unerased_evalue="3.3e-004">
      <pos A="0.000000" C="0.000000" G="1.000000" T="0.000000"/>
      <pos A="0.000000" C="1.000000" G="0.000000" T="0.000000"/>
      <pos A="0.000000" C="0.000000" G="1.000000" T="0.000000"/>
      <pos A="0.000000" C="0.311448" G="0.688552" T="0.000000"/>
      <pos A="0.000000" C="0.000000" G="1.000000" T="0.000000"/>
      <pos A="0.562290" C="0.437710" G="0.000000" T="0.000000"/>
      <match seq="GCGGGA" p="173" n="820" pvalue="7.4e-004" evalue="3.2e+001"/>
      <match seq="GCGCGC" p="54" n="197" pvalue="7.8e-004" evalue="3.4e+001"/>
      <match seq="GCGGGC" p="159" n="746" pvalue="8.8e-004" evalue="3.8e+001"/>
      <match seq="GCGCGA" p="106" n="465" pvalue="1.2e-003" evalue="5.1e+001"/>
    </motif>
  </motifs>
  <run_time cpu="4444.15" real="4444.54" stop="evalue"/>
</dreme>
