<dreme version="5.1.1" release="Wed Jan 29 15:00:42 2020 -0800">
  <model>
    <command_line>dreme -oc A3SS_concordant -p enhancer_list.A3SS.concordant.fasta -n enhancer_list.A3SS.no_significant.fasta -dna</command_line>
    <positives name="enhancer list.A3SS.concordant" count="602" file="enhancer_list.A3SS.concordant.fasta" last_mod_date="Mon Jul 06 01:06:00 CST 2020" />
    <negatives name="enhancer list.A3SS.no significant" count="4273" from="file" file="enhancer_list.A3SS.no_significant.fasta" last_mod_date="Mon Jul 06 01:06:02 CST 2020" />
    <alphabet name="DNA" like="dna">
      <letter id="A" symbol="A" complement="T" name="Adenine" colour="CC0000"/>
      <letter id="C" symbol="C" complement="G" name="Cytosine" colour="0000CC"/>
      <letter id="G" symbol="G" complement="C" name="Guanine" colour="FFB300"/>
      <letter id="T" symbol="T" aliases="U" complement="A" name="Thymine" colour="008000"/>
      <letter id="N" symbol="N" aliases="X." equals="ACGT" name="Any base"/>
      <letter id="V" symbol="V" equals="ACG" name="Not T"/>
      <letter id="H" symbol="H" equals="ACT" name="Not G"/>
      <letter id="D" symbol="D" equals="AGT" name="Not C"/>
      <letter id="B" symbol="B" equals="CGT" name="Not A"/>
      <letter id="M" symbol="M" equals="AC" name="Amino"/>
      <letter id="R" symbol="R" equals="AG" name="Purine"/>
      <letter id="W" symbol="W" equals="AT" name="Weak"/>
      <letter id="S" symbol="S" equals="CG" name="Strong"/>
      <letter id="Y" symbol="Y" equals="CT" name="Pyrimidine"/>
      <letter id="K" symbol="K" equals="GT" name="Keto"/>
    </alphabet>
    <strands>both</strands>
    <background A="0.241" C="0.259" G="0.259" T="0.241" from="dataset"/>
    <stop evalue="0.05"/>
    <ngen>100</ngen>
    <add_pv_thresh>0.01</add_pv_thresh>
    <seed>1</seed>
    <host>bits3</host>
    <when>Mon Jul 06 01:30:38 CST 2020</when>
  </model>
  <motifs>
    <motif id="m01" alt="DREME-1" seq="CSCCGC" length="6" nsites="1148" p="390" n="2151" pvalue="1.5e-011" evalue="6.5e-007" unerased_evalue="6.5e-007">
      <pos A="0.000000" C="1.000000" G="0.000000" T="0.000000"/>
      <pos A="0.000000" C="0.780488" G="0.219512" T="0.000000"/>
      <pos A="0.000000" C="1.000000" G="0.000000" T="0.000000"/>
      <pos A="0.000000" C="1.000000" G="0.000000" T="0.000000"/>
      <pos A="0.000000" C="0.000000" G="1.000000" T="0.000000"/>
      <pos A="0.000000" C="1.000000" G="0.000000" T="0.000000"/>
      <match seq="CCCCGC" p="365" n="1992" pvalue="7.2e-011" evalue="3.2e-006"/>
      <match seq="CGCCGC" p="149" n="769" pvalue="7.1e-005" evalue="3.1e+000"/>
    </motif>
    <motif id="m02" alt="DREME-2" seq="BCCGCG" length="6" nsites="416" p="220" n="1057" pvalue="1.4e-009" evalue="6.1e-005" unerased_evalue="2.0e-005">
      <pos A="0.000000" C="0.370192" G="0.394231" T="0.235577"/>
      <pos A="0.000000" C="1.000000" G="0.000000" T="0.000000"/>
      <pos A="0.000000" C="1.000000" G="0.000000" T="0.000000"/>
      <pos A="0.000000" C="0.000000" G="1.000000" T="0.000000"/>
      <pos A="0.000000" C="1.000000" G="0.000000" T="0.000000"/>
      <pos A="0.000000" C="0.000000" G="1.000000" T="0.000000"/>
      <match seq="GCCGCG" p="126" n="600" pvalue="1.2e-005" evalue="5.4e-001"/>
      <match seq="CCCGCG" p="117" n="547" pvalue="1.3e-005" evalue="5.8e-001"/>
      <match seq="TCCGCG" p="92" n="421" pvalue="6.7e-005" evalue="2.9e+000"/>
    </motif>
    <motif id="m03" alt="DREME-3" seq="CGWCCS" length="6" nsites="604" p="326" n="1833" pvalue="1.3e-007" evalue="5.8e-003" unerased_evalue="3.2e-003">
      <pos A="0.000000" C="1.000000" G="0.000000" T="0.000000"/>
      <pos A="0.000000" C="0.000000" G="1.000000" T="0.000000"/>
      <pos A="0.399007" C="0.000000" G="0.000000" T="0.600993"/>
      <pos A="0.000000" C="1.000000" G="0.000000" T="0.000000"/>
      <pos A="0.000000" C="1.000000" G="0.000000" T="0.000000"/>
      <pos A="0.000000" C="0.776490" G="0.223510" T="0.000000"/>
      <match seq="CGTCCC" p="207" n="1146" pvalue="8.2e-005" evalue="3.6e+000"/>
      <match seq="CGACCC" p="151" n="847" pvalue="1.9e-003" evalue="8.4e+001"/>
      <match seq="CGACCG" p="51" n="236" pvalue="3.8e-003" evalue="1.6e+002"/>
      <match seq="CGTCCG" p="70" n="359" pvalue="6.9e-003" evalue="3.0e+002"/>
    </motif>
    <motif id="m04" alt="DREME-4" seq="CCGGMG" length="6" nsites="497" p="281" n="1550" pvalue="6.5e-007" evalue="2.8e-002" unerased_evalue="3.9e-003">
      <pos A="0.000000" C="1.000000" G="0.000000" T="0.000000"/>
      <pos A="0.000000" C="1.000000" G="0.000000" T="0.000000"/>
      <pos A="0.000000" C="0.000000" G="1.000000" T="0.000000"/>
      <pos A="0.000000" C="0.000000" G="1.000000" T="0.000000"/>
      <pos A="0.631791" C="0.368209" G="0.000000" T="0.000000"/>
      <pos A="0.000000" C="0.000000" G="1.000000" T="0.000000"/>
      <match seq="CCGGCG" p="130" n="673" pvalue="2.7e-004" evalue="1.2e+001"/>
      <match seq="CCGGAG" p="215" n="1257" pvalue="1.1e-003" evalue="4.6e+001"/>
    </motif>
    <motif id="m05" alt="DREME-5" seq="CBGGCCG" length="7" nsites="259" p="192" n="956" pvalue="3.5e-007" evalue="1.5e-002" unerased_evalue="3.4e-002">
      <pos A="0.000000" C="1.000000" G="0.000000" T="0.000000"/>
      <pos A="0.000000" C="0.231660" G="0.243243" T="0.525097"/>
      <pos A="0.000000" C="0.000000" G="1.000000" T="0.000000"/>
      <pos A="0.000000" C="0.000000" G="1.000000" T="0.000000"/>
      <pos A="0.000000" C="1.000000" G="0.000000" T="0.000000"/>
      <pos A="0.000000" C="1.000000" G="0.000000" T="0.000000"/>
      <pos A="0.000000" C="0.000000" G="1.000000" T="0.000000"/>
      <match seq="CTGGCCG" p="118" n="596" pvalue="2.3e-004" evalue="1.0e+001"/>
      <match seq="CCGGCCG" p="58" n="283" pvalue="5.6e-003" evalue="2.4e+002"/>
      <match seq="CGGGCCG" p="57" n="278" pvalue="6.0e-003" evalue="2.6e+002"/>
    </motif>
  </motifs>
  <run_time cpu="3396.00" real="3396.27" stop="evalue"/>
</dreme>
