<dreme version="5.1.1" release="Wed Jan 29 15:00:42 2020 -0800">
  <model>
    <command_line>dreme -oc AFE_discordant -p enhancer_list.AFE.discordant.fasta -n enhancer_list.AFE.no_significant.fasta -dna</command_line>
    <positives name="enhancer list.AFE.discordant" count="4209" file="enhancer_list.AFE.discordant.fasta" last_mod_date="Mon Jul 06 01:06:05 CST 2020" />
    <negatives name="enhancer list.AFE.no significant" count="14041" from="file" file="enhancer_list.AFE.no_significant.fasta" last_mod_date="Mon Jul 06 01:06:06 CST 2020" />
    <alphabet name="DNA" like="dna">
      <letter id="A" symbol="A" complement="T" name="Adenine" colour="CC0000"/>
      <letter id="C" symbol="C" complement="G" name="Cytosine" colour="0000CC"/>
      <letter id="G" symbol="G" complement="C" name="Guanine" colour="FFB300"/>
      <letter id="T" symbol="T" aliases="U" complement="A" name="Thymine" colour="008000"/>
      <letter id="N" symbol="N" aliases="X." equals="ACGT" name="Any base"/>
      <letter id="V" symbol="V" equals="ACG" name="Not T"/>
      <letter id="H" symbol="H" equals="ACT" name="Not G"/>
      <letter id="D" symbol="D" equals="AGT" name="Not C"/>
      <letter id="B" symbol="B" equals="CGT" name="Not A"/>
      <letter id="M" symbol="M" equals="AC" name="Amino"/>
      <letter id="R" symbol="R" equals="AG" name="Purine"/>
      <letter id="W" symbol="W" equals="AT" name="Weak"/>
      <letter id="S" symbol="S" equals="CG" name="Strong"/>
      <letter id="Y" symbol="Y" equals="CT" name="Pyrimidine"/>
      <letter id="K" symbol="K" equals="GT" name="Keto"/>
    </alphabet>
    <strands>both</strands>
    <background A="0.251" C="0.248" G="0.249" T="0.252" from="dataset"/>
    <stop evalue="0.05"/>
    <ngen>100</ngen>
    <add_pv_thresh>0.01</add_pv_thresh>
    <seed>1</seed>
    <host>bits6</host>
    <when>Mon Jul 06 01:30:48 CST 2020</when>
  </model>
  <motifs>
    <motif id="m01" alt="DREME-1" seq="CGSGSG" length="6" nsites="7954" p="3116" n="8808" pvalue="3.6e-043" evalue="1.7e-038" unerased_evalue="1.8e-023">
      <pos A="0.000000" C="1.000000" G="0.000000" T="0.000000"/>
      <pos A="0.000000" C="0.000000" G="1.000000" T="0.000000"/>
      <pos A="0.000000" C="0.245285" G="0.754715" T="0.000000"/>
      <pos A="0.000000" C="0.000000" G="1.000000" T="0.000000"/>
      <pos A="0.000000" C="0.376792" G="0.623208" T="0.000000"/>
      <pos A="0.000000" C="0.000000" G="1.000000" T="0.000000"/>
      <match seq="CGCGGG" p="969" n="2238" pvalue="3.0e-025" evalue="1.5e-020"/>
      <match seq="CGGGGG" p="1844" n="4926" pvalue="1.1e-024" evalue="5.3e-020"/>
      <match seq="CGGGCG" p="1442" n="3859" pvalue="2.6e-017" evalue="1.2e-012"/>
      <match seq="CGCGCG" p="365" n="818" pvalue="1.1e-010" evalue="5.4e-006"/>
    </motif>
    <motif id="m02" alt="DREME-2" seq="CGKCG" length="5" nsites="4493" p="2069" n="5452" pvalue="9.1e-033" evalue="4.3e-028" unerased_evalue="9.7e-024">
      <pos A="0.000000" C="1.000000" G="0.000000" T="0.000000"/>
      <pos A="0.000000" C="0.000000" G="1.000000" T="0.000000"/>
      <pos A="0.000000" C="0.000000" G="0.775206" T="0.224794"/>
      <pos A="0.000000" C="1.000000" G="0.000000" T="0.000000"/>
      <pos A="0.000000" C="0.000000" G="1.000000" T="0.000000"/>
      <match seq="CGGCG" p="1549" n="3917" pvalue="5.6e-028" evalue="2.7e-023"/>
      <match seq="CGTCG" p="823" n="2129" pvalue="1.5e-011" evalue="7.2e-007"/>
    </motif>
    <motif id="m03" alt="DREME-3" seq="CSSGCCC" length="7" nsites="3838" p="1896" n="4964" pvalue="7.7e-030" evalue="3.5e-025" unerased_evalue="1.7e-030">
      <pos A="0.000000" C="1.000000" G="0.000000" T="0.000000"/>
      <pos A="0.000000" C="0.730328" G="0.269672" T="0.000000"/>
      <pos A="0.000000" C="0.527358" G="0.472642" T="0.000000"/>
      <pos A="0.000000" C="0.000000" G="1.000000" T="0.000000"/>
      <pos A="0.000000" C="1.000000" G="0.000000" T="0.000000"/>
      <pos A="0.000000" C="1.000000" G="0.000000" T="0.000000"/>
      <pos A="0.000000" C="1.000000" G="0.000000" T="0.000000"/>
      <match seq="CCCGCCC" p="1033" n="2545" pvalue="1.1e-019" evalue="5.2e-015"/>
      <match seq="CCGGCCC" p="890" n="2243" pvalue="1.1e-014" evalue="5.2e-010"/>
      <match seq="CGCGCCC" p="334" n="796" pvalue="1.1e-007" evalue="5.2e-003"/>
      <match seq="CGGGCCC" p="586" n="1546" pvalue="2.3e-007" evalue="1.0e-002"/>
    </motif>
    <motif id="m04" alt="DREME-4" seq="CGHCCC" length="6" nsites="4651" p="2265" n="6295" pvalue="8.5e-025" evalue="3.9e-020" unerased_evalue="2.5e-026">
      <pos A="0.000000" C="1.000000" G="0.000000" T="0.000000"/>
      <pos A="0.000000" C="0.000000" G="1.000000" T="0.000000"/>
      <pos A="0.210277" C="0.473447" G="0.000000" T="0.316276"/>
      <pos A="0.000000" C="1.000000" G="0.000000" T="0.000000"/>
      <pos A="0.000000" C="1.000000" G="0.000000" T="0.000000"/>
      <pos A="0.000000" C="1.000000" G="0.000000" T="0.000000"/>
      <match seq="CGCCCC" p="1396" n="3710" pvalue="1.7e-017" evalue="7.8e-013"/>
      <match seq="CGTCCC" p="1135" n="3140" pvalue="5.4e-010" evalue="2.5e-005"/>
      <match seq="CGACCC" p="798" n="2129" pvalue="3.8e-009" evalue="1.8e-004"/>
    </motif>
    <motif id="m05" alt="DREME-5" seq="CGGHCS" length="6" nsites="4149" p="2072" n="5786" pvalue="2.3e-020" evalue="1.1e-015" unerased_evalue="4.0e-024">
      <pos A="0.000000" C="1.000000" G="0.000000" T="0.000000"/>
      <pos A="0.000000" C="0.000000" G="1.000000" T="0.000000"/>
      <pos A="0.000000" C="0.000000" G="1.000000" T="0.000000"/>
      <pos A="0.275006" C="0.457460" G="0.000000" T="0.267534"/>
      <pos A="0.000000" C="1.000000" G="0.000000" T="0.000000"/>
      <pos A="0.000000" C="0.722102" G="0.277898" T="0.000000"/>
      <match seq="CGGACG" p="383" n="867" pvalue="1.0e-010" evalue="4.5e-006"/>
      <match seq="CGGCCC" p="1064" n="2934" pvalue="1.4e-009" evalue="6.4e-005"/>
      <match seq="CGGTCC" p="770" n="2092" pvalue="9.2e-008" evalue="4.2e-003"/>
      <match seq="CGGACC" p="635" n="1683" pvalue="1.1e-007" evalue="4.9e-003"/>
      <match seq="CGGCCG" p="418" n="1074" pvalue="2.0e-006" evalue="8.9e-002"/>
      <match seq="CGGTCG" p="223" n="566" pvalue="3.0e-004" evalue="1.4e+001"/>
    </motif>
    <motif id="m06" alt="DREME-6" seq="CGGGKM" length="6" nsites="5572" p="2547" n="7420" pvalue="8.4e-019" evalue="3.7e-014" unerased_evalue="5.8e-021">
      <pos A="0.000000" C="1.000000" G="0.000000" T="0.000000"/>
      <pos A="0.000000" C="0.000000" G="1.000000" T="0.000000"/>
      <pos A="0.000000" C="0.000000" G="1.000000" T="0.000000"/>
      <pos A="0.000000" C="0.000000" G="1.000000" T="0.000000"/>
      <pos A="0.000000" C="0.000000" G="0.751077" T="0.248923"/>
      <pos A="0.465542" C="0.534458" G="0.000000" T="0.000000"/>
      <match seq="CGGGGA" p="1474" n="4116" pvalue="1.6e-012" evalue="7.2e-008"/>
      <match seq="CGGGGC" p="1393" n="3925" pvalue="9.6e-011" evalue="4.3e-006"/>
      <match seq="CGGGTC" p="750" n="2045" pvalue="2.2e-007" evalue="1.0e-002"/>
      <match seq="CGGGTA" p="483" n="1387" pvalue="1.7e-003" evalue="7.4e+001"/>
    </motif>
    <motif id="m07" alt="DREME-7" seq="CCCCTSC" length="7" nsites="5919" p="2662" n="7867" pvalue="3.9e-017" evalue="1.7e-012" unerased_evalue="4.5e-017">
      <pos A="0.000000" C="1.000000" G="0.000000" T="0.000000"/>
      <pos A="0.000000" C="1.000000" G="0.000000" T="0.000000"/>
      <pos A="0.000000" C="1.000000" G="0.000000" T="0.000000"/>
      <pos A="0.000000" C="1.000000" G="0.000000" T="0.000000"/>
      <pos A="0.000000" C="0.000000" G="0.000000" T="1.000000"/>
      <pos A="0.000000" C="0.606521" G="0.393479" T="0.000000"/>
      <pos A="0.000000" C="1.000000" G="0.000000" T="0.000000"/>
      <match seq="CCCCTCC" p="2027" n="5815" pvalue="6.1e-015" evalue="2.7e-010"/>
      <match seq="CCCCTGC" p="1589" n="4835" pvalue="4.4e-005" evalue="1.9e+000"/>
    </motif>
    <motif id="m08" alt="DREME-8" seq="GCGSS" length="5" nsites="11621" p="3348" n="10308" pvalue="1.9e-016" evalue="8.2e-012" unerased_evalue="3.2e-013">
      <pos A="0.000000" C="0.000000" G="1.000000" T="0.000000"/>
      <pos A="0.000000" C="1.000000" G="0.000000" T="0.000000"/>
      <pos A="0.000000" C="0.000000" G="1.000000" T="0.000000"/>
      <pos A="0.000000" C="0.384735" G="0.615265" T="0.000000"/>
      <pos A="0.000000" C="0.579812" G="0.420188" T="0.000000"/>
      <match seq="GCGGG" p="2189" n="6487" pvalue="2.1e-011" evalue="9.3e-007"/>
      <match seq="GCGGC" p="1879" n="5513" pvalue="2.9e-010" evalue="1.3e-005"/>
      <match seq="GCGCG" p="1053" n="2891" pvalue="8.3e-010" evalue="3.6e-005"/>
      <match seq="GCGCC" p="2112" n="6341" pvalue="5.9e-009" evalue="2.6e-004"/>
    </motif>
    <motif id="m09" alt="DREME-9" seq="CGGVC" length="5" nsites="7927" p="3093" n="9527" pvalue="1.4e-012" evalue="5.8e-008" unerased_evalue="1.2e-014">
      <pos A="0.000000" C="1.000000" G="0.000000" T="0.000000"/>
      <pos A="0.000000" C="0.000000" G="1.000000" T="0.000000"/>
      <pos A="0.000000" C="0.000000" G="1.000000" T="0.000000"/>
      <pos A="0.153526" C="0.430806" G="0.415668" T="0.000000"/>
      <pos A="0.000000" C="1.000000" G="0.000000" T="0.000000"/>
      <match seq="CGGGC" p="2038" n="6065" pvalue="1.3e-009" evalue="5.5e-005"/>
      <match seq="CGGCC" p="2134" n="6463" pvalue="5.6e-008" evalue="2.4e-003"/>
      <match seq="CGGAC" p="1009" n="3071" pvalue="2.3e-003" evalue="9.8e+001"/>
    </motif>
    <motif id="m10" alt="DREME-10" seq="CGAGS" length="5" nsites="7569" p="3076" n="9460" pvalue="8.8e-013" evalue="3.7e-008" unerased_evalue="6.9e-009">
      <pos A="0.000000" C="1.000000" G="0.000000" T="0.000000"/>
      <pos A="0.000000" C="0.000000" G="1.000000" T="0.000000"/>
      <pos A="1.000000" C="0.000000" G="0.000000" T="0.000000"/>
      <pos A="0.000000" C="0.000000" G="1.000000" T="0.000000"/>
      <pos A="0.000000" C="0.330955" G="0.669045" T="0.000000"/>
      <match seq="CGAGG" p="2574" n="7830" pvalue="2.9e-010" evalue="1.2e-005"/>
      <match seq="CGAGC" p="1708" n="5238" pvalue="6.9e-005" evalue="2.9e+000"/>
    </motif>
    <motif id="m11" alt="DREME-11" seq="CGCKG" length="5" nsites="3722" p="2198" n="6546" pvalue="1.0e-010" evalue="4.1e-006" unerased_evalue="2.9e-015">
      <pos A="0.000000" C="1.000000" G="0.000000" T="0.000000"/>
      <pos A="0.000000" C="0.000000" G="1.000000" T="0.000000"/>
      <pos A="0.000000" C="1.000000" G="0.000000" T="0.000000"/>
      <pos A="0.000000" C="0.000000" G="0.083826" T="0.916174"/>
      <pos A="0.000000" C="0.000000" G="1.000000" T="0.000000"/>
      <match seq="CGCTG" p="2091" n="6275" pvalue="7.0e-009" evalue="2.9e-004"/>
      <match seq="CGCGG" p="286" n="759" pvalue="4.7e-004" evalue="1.9e+001"/>
    </motif>
    <motif id="m12" alt="DREME-12" seq="CCCWCCC" length="7" nsites="5301" p="2567" n="7817" pvalue="5.0e-010" evalue="2.0e-005" unerased_evalue="7.8e-013">
      <pos A="0.000000" C="1.000000" G="0.000000" T="0.000000"/>
      <pos A="0.000000" C="1.000000" G="0.000000" T="0.000000"/>
      <pos A="0.000000" C="1.000000" G="0.000000" T="0.000000"/>
      <pos A="0.585173" C="0.000000" G="0.000000" T="0.414827"/>
      <pos A="0.000000" C="1.000000" G="0.000000" T="0.000000"/>
      <pos A="0.000000" C="1.000000" G="0.000000" T="0.000000"/>
      <pos A="0.000000" C="1.000000" G="0.000000" T="0.000000"/>
      <match seq="CCCTCCC" p="1564" n="4635" pvalue="3.9e-007" evalue="1.6e-002"/>
      <match seq="CCCACCC" p="1917" n="5792" pvalue="4.3e-007" evalue="1.8e-002"/>
    </motif>
    <motif id="m13" alt="DREME-13" seq="CCGSH" length="5" nsites="9297" p="3221" n="10102" pvalue="1.7e-009" evalue="6.9e-005" unerased_evalue="5.5e-010">
      <pos A="0.000000" C="1.000000" G="0.000000" T="0.000000"/>
      <pos A="0.000000" C="1.000000" G="0.000000" T="0.000000"/>
      <pos A="0.000000" C="0.000000" G="1.000000" T="0.000000"/>
      <pos A="0.000000" C="0.582769" G="0.417231" T="0.000000"/>
      <pos A="0.340970" C="0.439389" G="0.000000" T="0.219641"/>
      <match seq="CCGGC" p="1349" n="4010" pvalue="7.8e-006" evalue="3.2e-001"/>
      <match seq="CCGGA" p="1335" n="3974" pvalue="1.1e-005" evalue="4.6e-001"/>
      <match seq="CCGCC" p="1717" n="5223" pvalue="1.4e-005" evalue="5.8e-001"/>
      <match seq="CCGCT" p="847" n="2451" pvalue="5.1e-005" evalue="2.1e+000"/>
      <match seq="CCGGT" p="1145" n="3427" pvalue="1.4e-004" evalue="5.7e+000"/>
      <match seq="CCGCA" p="1355" n="4164" pvalue="9.3e-004" evalue="3.8e+001"/>
    </motif>
    <motif id="m14" alt="DREME-14" seq="CTCSCC" length="6" nsites="5793" p="2770" n="8604" pvalue="4.9e-008" evalue="1.9e-003" unerased_evalue="1.6e-008">
      <pos A="0.000000" C="1.000000" G="0.000000" T="0.000000"/>
      <pos A="0.000000" C="0.000000" G="0.000000" T="1.000000"/>
      <pos A="0.000000" C="1.000000" G="0.000000" T="0.000000"/>
      <pos A="0.000000" C="0.912135" G="0.087865" T="0.000000"/>
      <pos A="0.000000" C="1.000000" G="0.000000" T="0.000000"/>
      <pos A="0.000000" C="1.000000" G="0.000000" T="0.000000"/>
      <match seq="CTCCCC" p="2620" n="8188" pvalue="2.7e-006" evalue="1.1e-001"/>
      <match seq="CTCGCC" p="468" n="1316" pvalue="5.2e-004" evalue="2.1e+001"/>
    </motif>
    <motif id="m15" alt="DREME-15" seq="GGGKCC" length="6" nsites="6368" p="2750" n="8611" pvalue="1.3e-006" evalue="4.9e-002" unerased_evalue="2.3e-012">
      <pos A="0.000000" C="0.000000" G="1.000000" T="0.000000"/>
      <pos A="0.000000" C="0.000000" G="1.000000" T="0.000000"/>
      <pos A="0.000000" C="0.000000" G="1.000000" T="0.000000"/>
      <pos A="0.000000" C="0.000000" G="0.557946" T="0.442054"/>
      <pos A="0.000000" C="1.000000" G="0.000000" T="0.000000"/>
      <pos A="0.000000" C="1.000000" G="0.000000" T="0.000000"/>
      <match seq="GGGTCC" p="1797" n="5520" pvalue="4.8e-005" evalue="1.9e+000"/>
      <match seq="GGGGCC" p="2018" n="6289" pvalue="1.7e-004" evalue="6.6e+000"/>
    </motif>
    <motif id="m16" alt="DREME-16" seq="AGGGSS" length="6" nsites="9938" p="3328" n="10600" pvalue="7.5e-007" evalue="2.9e-002" unerased_evalue="1.0e-009">
      <pos A="1.000000" C="0.000000" G="0.000000" T="0.000000"/>
      <pos A="0.000000" C="0.000000" G="1.000000" T="0.000000"/>
      <pos A="0.000000" C="0.000000" G="1.000000" T="0.000000"/>
      <pos A="0.000000" C="0.000000" G="1.000000" T="0.000000"/>
      <pos A="0.000000" C="0.467297" G="0.532703" T="0.000000"/>
      <pos A="0.000000" C="0.701550" G="0.298450" T="0.000000"/>
      <match seq="AGGGGC" p="1836" n="5690" pvalue="1.9e-004" evalue="7.3e+000"/>
      <match seq="AGGGGG" p="1680" n="5210" pvalue="5.3e-004" evalue="2.1e+001"/>
      <match seq="AGGGCC" p="2243" n="7139" pvalue="2.8e-003" evalue="1.1e+002"/>
      <match seq="AGGGCG" p="436" n="1282" pvalue="9.5e-003" evalue="3.7e+002"/>
    </motif>
  </motifs>
  <run_time cpu="20777.44" real="20778.11" stop="evalue"/>
</dreme>
