<dreme version="5.1.1" release="Wed Jan 29 15:00:42 2020 -0800">
  <model>
    <command_line>dreme -oc MXE_concordant -p enhancer_list.MXE.concordant.fasta -n enhancer_list.MXE.no_significant.fasta -dna</command_line>
    <positives name="enhancer list.MXE.concordant" count="420" file="enhancer_list.MXE.concordant.fasta" last_mod_date="Mon Jul 06 01:06:09 CST 2020" />
    <negatives name="enhancer list.MXE.no significant" count="1239" from="file" file="enhancer_list.MXE.no_significant.fasta" last_mod_date="Mon Jul 06 01:06:09 CST 2020" />
    <alphabet name="DNA" like="dna">
      <letter id="A" symbol="A" complement="T" name="Adenine" colour="CC0000"/>
      <letter id="C" symbol="C" complement="G" name="Cytosine" colour="0000CC"/>
      <letter id="G" symbol="G" complement="C" name="Guanine" colour="FFB300"/>
      <letter id="T" symbol="T" aliases="U" complement="A" name="Thymine" colour="008000"/>
      <letter id="N" symbol="N" aliases="X." equals="ACGT" name="Any base"/>
      <letter id="V" symbol="V" equals="ACG" name="Not T"/>
      <letter id="H" symbol="H" equals="ACT" name="Not G"/>
      <letter id="D" symbol="D" equals="AGT" name="Not C"/>
      <letter id="B" symbol="B" equals="CGT" name="Not A"/>
      <letter id="M" symbol="M" equals="AC" name="Amino"/>
      <letter id="R" symbol="R" equals="AG" name="Purine"/>
      <letter id="W" symbol="W" equals="AT" name="Weak"/>
      <letter id="S" symbol="S" equals="CG" name="Strong"/>
      <letter id="Y" symbol="Y" equals="CT" name="Pyrimidine"/>
      <letter id="K" symbol="K" equals="GT" name="Keto"/>
    </alphabet>
    <strands>both</strands>
    <background A="0.256" C="0.244" G="0.246" T="0.254" from="dataset"/>
    <stop evalue="0.05"/>
    <ngen>100</ngen>
    <add_pv_thresh>0.01</add_pv_thresh>
    <seed>1</seed>
    <host>bits3</host>
    <when>Mon Jul 06 01:30:33 CST 2020</when>
  </model>
  <motifs>
    <motif id="m01" alt="DREME-1" seq="CCMGGCS" length="7" nsites="822" p="320" n="746" pvalue="1.2e-009" evalue="5.1e-005" unerased_evalue="5.1e-005">
      <pos A="0.000000" C="1.000000" G="0.000000" T="0.000000"/>
      <pos A="0.000000" C="1.000000" G="0.000000" T="0.000000"/>
      <pos A="0.611922" C="0.388078" G="0.000000" T="0.000000"/>
      <pos A="0.000000" C="0.000000" G="1.000000" T="0.000000"/>
      <pos A="0.000000" C="0.000000" G="1.000000" T="0.000000"/>
      <pos A="0.000000" C="1.000000" G="0.000000" T="0.000000"/>
      <pos A="0.000000" C="0.738443" G="0.261557" T="0.000000"/>
      <match seq="CCAGGCC" p="216" n="481" pvalue="4.3e-006" evalue="1.9e-001"/>
      <match seq="CCCGGCC" p="171" n="356" pvalue="4.5e-006" evalue="2.0e-001"/>
      <match seq="CCAGGCG" p="117" n="247" pvalue="5.4e-004" evalue="2.4e+001"/>
      <match seq="CCCGGCG" p="56" n="105" pvalue="3.1e-003" evalue="1.3e+002"/>
    </motif>
    <motif id="m02" alt="DREME-2" seq="CCGCBC" length="6" nsites="854" p="289" n="662" pvalue="1.8e-008" evalue="7.8e-004" unerased_evalue="6.5e-004">
      <pos A="0.000000" C="1.000000" G="0.000000" T="0.000000"/>
      <pos A="0.000000" C="1.000000" G="0.000000" T="0.000000"/>
      <pos A="0.000000" C="0.000000" G="1.000000" T="0.000000"/>
      <pos A="0.000000" C="1.000000" G="0.000000" T="0.000000"/>
      <pos A="0.000000" C="0.591335" G="0.192037" T="0.216628"/>
      <pos A="0.000000" C="1.000000" G="0.000000" T="0.000000"/>
      <match seq="CCGCCC" p="233" n="508" pvalue="1.8e-007" evalue="7.8e-003"/>
      <match seq="CCGCTC" p="131" n="303" pvalue="4.4e-003" evalue="1.9e+002"/>
      <match seq="CCGCGC" p="101" n="230" pvalue="9.9e-003" evalue="4.3e+002"/>
    </motif>
    <motif id="m03" alt="DREME-3" seq="SCGGA" length="5" nsites="819" p="320" n="782" pvalue="4.0e-007" evalue="1.7e-002" unerased_evalue="2.6e-003">
      <pos A="0.000000" C="0.523810" G="0.476190" T="0.000000"/>
      <pos A="0.000000" C="1.000000" G="0.000000" T="0.000000"/>
      <pos A="0.000000" C="0.000000" G="1.000000" T="0.000000"/>
      <pos A="0.000000" C="0.000000" G="1.000000" T="0.000000"/>
      <pos A="1.000000" C="0.000000" G="0.000000" T="0.000000"/>
      <match seq="GCGGA" p="234" n="560" pvalue="1.2e-004" evalue="5.2e+000"/>
      <match seq="CCGGA" p="225" n="547" pvalue="5.1e-004" evalue="2.2e+001"/>
    </motif>
    <motif id="m04" alt="DREME-4" seq="GCGBC" length="5" nsites="1211" p="345" n="872" pvalue="8.9e-007" evalue="3.8e-002" unerased_evalue="4.7e-002">
      <pos A="0.000000" C="0.000000" G="1.000000" T="0.000000"/>
      <pos A="0.000000" C="1.000000" G="0.000000" T="0.000000"/>
      <pos A="0.000000" C="0.000000" G="1.000000" T="0.000000"/>
      <pos A="0.000000" C="0.417836" G="0.325351" T="0.256813"/>
      <pos A="0.000000" C="1.000000" G="0.000000" T="0.000000"/>
      <match seq="GCGCC" p="255" n="625" pvalue="1.6e-004" evalue="6.7e+000"/>
      <match seq="GCGTC" p="194" n="481" pvalue="4.8e-003" evalue="2.0e+002"/>
      <match seq="GCGGC" p="207" n="519" pvalue="5.0e-003" evalue="2.1e+002"/>
    </motif>
  </motifs>
  <run_time cpu="1164.45" real="1166.93" stop="evalue"/>
</dreme>
