<dreme version="5.1.1" release="Wed Jan 29 15:00:42 2020 -0800">
  <model>
    <command_line>dreme -oc SE_discordant -p enhancer_list.SE.discordant.fasta -n enhancer_list.SE.no_significant.fasta -dna</command_line>
    <positives name="enhancer list.SE.discordant" count="372" file="enhancer_list.SE.discordant.fasta" last_mod_date="Mon Jul 06 01:06:10 CST 2020" />
    <negatives name="enhancer list.SE.no significant" count="8291" from="file" file="enhancer_list.SE.no_significant.fasta" last_mod_date="Mon Jul 06 01:06:10 CST 2020" />
    <alphabet name="DNA" like="dna">
      <letter id="A" symbol="A" complement="T" name="Adenine" colour="CC0000"/>
      <letter id="C" symbol="C" complement="G" name="Cytosine" colour="0000CC"/>
      <letter id="G" symbol="G" complement="C" name="Guanine" colour="FFB300"/>
      <letter id="T" symbol="T" aliases="U" complement="A" name="Thymine" colour="008000"/>
      <letter id="N" symbol="N" aliases="X." equals="ACGT" name="Any base"/>
      <letter id="V" symbol="V" equals="ACG" name="Not T"/>
      <letter id="H" symbol="H" equals="ACT" name="Not G"/>
      <letter id="D" symbol="D" equals="AGT" name="Not C"/>
      <letter id="B" symbol="B" equals="CGT" name="Not A"/>
      <letter id="M" symbol="M" equals="AC" name="Amino"/>
      <letter id="R" symbol="R" equals="AG" name="Purine"/>
      <letter id="W" symbol="W" equals="AT" name="Weak"/>
      <letter id="S" symbol="S" equals="CG" name="Strong"/>
      <letter id="Y" symbol="Y" equals="CT" name="Pyrimidine"/>
      <letter id="K" symbol="K" equals="GT" name="Keto"/>
    </alphabet>
    <strands>both</strands>
    <background A="0.249" C="0.251" G="0.251" T="0.249" from="dataset"/>
    <stop evalue="0.05"/>
    <ngen>100</ngen>
    <add_pv_thresh>0.01</add_pv_thresh>
    <seed>1</seed>
    <host>bits3</host>
    <when>Mon Jul 06 01:30:45 CST 2020</when>
  </model>
  <motifs>
    <motif id="m01" alt="DREME-1" seq="CCCGCSCS" length="8" nsites="296" p="146" n="1780" pvalue="2.9e-014" evalue="1.3e-009" unerased_evalue="1.3e-009">
      <pos A="0.000000" C="1.000000" G="0.000000" T="0.000000"/>
      <pos A="0.000000" C="1.000000" G="0.000000" T="0.000000"/>
      <pos A="0.000000" C="1.000000" G="0.000000" T="0.000000"/>
      <pos A="0.000000" C="0.000000" G="1.000000" T="0.000000"/>
      <pos A="0.000000" C="1.000000" G="0.000000" T="0.000000"/>
      <pos A="0.000000" C="0.760135" G="0.239865" T="0.000000"/>
      <pos A="0.000000" C="1.000000" G="0.000000" T="0.000000"/>
      <pos A="0.000000" C="0.743243" G="0.256757" T="0.000000"/>
      <match seq="CCCGCCCC" p="98" n="1290" pvalue="1.4e-007" evalue="6.1e-003"/>
      <match seq="CCCGCGCC" p="46" n="430" pvalue="1.5e-007" evalue="6.5e-003"/>
      <match seq="CCCGCCCG" p="47" n="469" pvalue="6.2e-007" evalue="2.7e-002"/>
      <match seq="CCCGCGCG" p="20" n="187" pvalue="5.7e-004" evalue="2.5e+001"/>
    </motif>
    <motif id="m02" alt="DREME-2" seq="CCGCSGC" length="7" nsites="160" p="100" n="1107" pvalue="1.3e-011" evalue="5.8e-007" unerased_evalue="1.3e-006">
      <pos A="0.000000" C="1.000000" G="0.000000" T="0.000000"/>
      <pos A="0.000000" C="1.000000" G="0.000000" T="0.000000"/>
      <pos A="0.000000" C="0.000000" G="1.000000" T="0.000000"/>
      <pos A="0.000000" C="1.000000" G="0.000000" T="0.000000"/>
      <pos A="0.000000" C="0.550000" G="0.450000" T="0.000000"/>
      <pos A="0.000000" C="0.000000" G="1.000000" T="0.000000"/>
      <pos A="0.000000" C="1.000000" G="0.000000" T="0.000000"/>
      <match seq="CCGCGGC" p="61" n="601" pvalue="6.4e-009" evalue="2.8e-004"/>
      <match seq="CCGCCGC" p="66" n="779" pvalue="8.4e-007" evalue="3.7e-002"/>
    </motif>
    <motif id="m03" alt="DREME-3" seq="CGSGCCS" length="7" nsites="257" p="150" n="2109" pvalue="6.3e-010" evalue="2.7e-005" unerased_evalue="4.3e-007">
      <pos A="0.000000" C="1.000000" G="0.000000" T="0.000000"/>
      <pos A="0.000000" C="0.000000" G="1.000000" T="0.000000"/>
      <pos A="0.000000" C="0.463035" G="0.536965" T="0.000000"/>
      <pos A="0.000000" C="0.000000" G="1.000000" T="0.000000"/>
      <pos A="0.000000" C="1.000000" G="0.000000" T="0.000000"/>
      <pos A="0.000000" C="1.000000" G="0.000000" T="0.000000"/>
      <pos A="0.000000" C="0.669261" G="0.330739" T="0.000000"/>
      <match seq="CGCGCCC" p="69" n="960" pvalue="8.7e-005" evalue="3.8e+000"/>
      <match seq="CGGGCCC" p="72" n="1025" pvalue="1.2e-004" evalue="5.1e+000"/>
      <match seq="CGGGCCG" p="47" n="598" pvalue="2.1e-004" evalue="9.2e+000"/>
      <match seq="CGCGCCG" p="27" n="319" pvalue="1.9e-003" evalue="8.2e+001"/>
    </motif>
    <motif id="m04" alt="DREME-4" seq="CGCGSR" length="6" nsites="210" p="131" n="1799" pvalue="4.0e-009" evalue="1.7e-004" unerased_evalue="2.1e-006">
      <pos A="0.000000" C="1.000000" G="0.000000" T="0.000000"/>
      <pos A="0.000000" C="0.000000" G="1.000000" T="0.000000"/>
      <pos A="0.000000" C="1.000000" G="0.000000" T="0.000000"/>
      <pos A="0.000000" C="0.000000" G="1.000000" T="0.000000"/>
      <pos A="0.000000" C="0.390476" G="0.609524" T="0.000000"/>
      <pos A="0.504762" C="0.000000" G="0.495238" T="0.000000"/>
      <match seq="CGCGGG" p="76" n="1007" pvalue="6.8e-006" evalue="2.9e-001"/>
      <match seq="CGCGCA" p="56" n="768" pvalue="3.2e-004" evalue="1.4e+001"/>
      <match seq="CGCGCG" p="27" n="355" pvalue="7.3e-003" evalue="3.1e+002"/>
      <match seq="CGCGGA" p="44" n="669" pvalue="8.7e-003" evalue="3.7e+002"/>
    </motif>
    <motif id="m05" alt="DREME-5" seq="CCGGBG" length="6" nsites="524" p="226" n="3848" pvalue="3.9e-008" evalue="1.7e-003" unerased_evalue="2.3e-005">
      <pos A="0.000000" C="1.000000" G="0.000000" T="0.000000"/>
      <pos A="0.000000" C="1.000000" G="0.000000" T="0.000000"/>
      <pos A="0.000000" C="0.000000" G="1.000000" T="0.000000"/>
      <pos A="0.000000" C="0.000000" G="1.000000" T="0.000000"/>
      <pos A="0.000000" C="0.192748" G="0.591603" T="0.215649"/>
      <pos A="0.000000" C="0.000000" G="1.000000" T="0.000000"/>
      <match seq="CCGGGG" p="177" n="2941" pvalue="1.8e-006" evalue="7.8e-002"/>
      <match seq="CCGGCG" p="84" n="1179" pvalue="1.6e-005" evalue="6.9e-001"/>
      <match seq="CCGGTG" p="103" n="1691" pvalue="6.2e-004" evalue="2.6e+001"/>
    </motif>
    <motif id="m06" alt="DREME-6" seq="GCGCKY" length="6" nsites="234" p="157" n="2455" pvalue="3.2e-007" evalue="1.3e-002" unerased_evalue="1.8e-003">
      <pos A="0.000000" C="0.000000" G="1.000000" T="0.000000"/>
      <pos A="0.000000" C="1.000000" G="0.000000" T="0.000000"/>
      <pos A="0.000000" C="0.000000" G="1.000000" T="0.000000"/>
      <pos A="0.000000" C="1.000000" G="0.000000" T="0.000000"/>
      <pos A="0.000000" C="0.000000" G="0.149573" T="0.850427"/>
      <pos A="0.000000" C="0.555556" G="0.000000" T="0.444444"/>
      <match seq="GCGCTC" p="102" n="1551" pvalue="3.9e-005" evalue="1.7e+000"/>
      <match seq="GCGCGC" p="12" n="84" pvalue="7.9e-004" evalue="3.3e+001"/>
      <match seq="GCGCTT" p="71" n="1140" pvalue="3.2e-003" evalue="1.4e+002"/>
      <match seq="GCGCGT" p="28" n="375" pvalue="7.9e-003" evalue="3.4e+002"/>
    </motif>
  </motifs>
  <run_time cpu="7900.12" real="7900.73" stop="evalue"/>
</dreme>
