<dreme version="5.1.1" release="Wed Jan 29 15:00:42 2020 -0800">
  <model>
    <command_line>dreme -oc SE_concordant -p enhancer_list.SE.concordant.fasta -n enhancer_list.SE.no_significant.fasta -dna</command_line>
    <positives name="enhancer list.SE.concordant" count="484" file="enhancer_list.SE.concordant.fasta" last_mod_date="Mon Jul 06 01:06:10 CST 2020" />
    <negatives name="enhancer list.SE.no significant" count="8291" from="file" file="enhancer_list.SE.no_significant.fasta" last_mod_date="Mon Jul 06 01:06:10 CST 2020" />
    <alphabet name="DNA" like="dna">
      <letter id="A" symbol="A" complement="T" name="Adenine" colour="CC0000"/>
      <letter id="C" symbol="C" complement="G" name="Cytosine" colour="0000CC"/>
      <letter id="G" symbol="G" complement="C" name="Guanine" colour="FFB300"/>
      <letter id="T" symbol="T" aliases="U" complement="A" name="Thymine" colour="008000"/>
      <letter id="N" symbol="N" aliases="X." equals="ACGT" name="Any base"/>
      <letter id="V" symbol="V" equals="ACG" name="Not T"/>
      <letter id="H" symbol="H" equals="ACT" name="Not G"/>
      <letter id="D" symbol="D" equals="AGT" name="Not C"/>
      <letter id="B" symbol="B" equals="CGT" name="Not A"/>
      <letter id="M" symbol="M" equals="AC" name="Amino"/>
      <letter id="R" symbol="R" equals="AG" name="Purine"/>
      <letter id="W" symbol="W" equals="AT" name="Weak"/>
      <letter id="S" symbol="S" equals="CG" name="Strong"/>
      <letter id="Y" symbol="Y" equals="CT" name="Pyrimidine"/>
      <letter id="K" symbol="K" equals="GT" name="Keto"/>
    </alphabet>
    <strands>both</strands>
    <background A="0.249" C="0.251" G="0.251" T="0.249" from="dataset"/>
    <stop evalue="0.05"/>
    <ngen>100</ngen>
    <add_pv_thresh>0.01</add_pv_thresh>
    <seed>1</seed>
    <host>bits3</host>
    <when>Mon Jul 06 01:30:45 CST 2020</when>
  </model>
  <motifs>
    <motif id="m01" alt="DREME-1" seq="CKCCSCC" length="7" nsites="875" p="346" n="4642" pvalue="6.0e-012" evalue="2.7e-007" unerased_evalue="2.7e-007">
      <pos A="0.000000" C="1.000000" G="0.000000" T="0.000000"/>
      <pos A="0.000000" C="0.000000" G="0.317714" T="0.682286"/>
      <pos A="0.000000" C="1.000000" G="0.000000" T="0.000000"/>
      <pos A="0.000000" C="1.000000" G="0.000000" T="0.000000"/>
      <pos A="0.000000" C="0.646857" G="0.353143" T="0.000000"/>
      <pos A="0.000000" C="1.000000" G="0.000000" T="0.000000"/>
      <pos A="0.000000" C="1.000000" G="0.000000" T="0.000000"/>
      <match seq="CTCCCCC" p="221" n="2751" pvalue="2.1e-008" evalue="9.5e-004"/>
      <match seq="CGCCCCC" p="130" n="1544" pvalue="1.1e-005" evalue="4.7e-001"/>
      <match seq="CTCCGCC" p="159" n="2050" pvalue="5.9e-005" evalue="2.6e+000"/>
      <match seq="CGCCGCC" p="66" n="816" pvalue="5.7e-003" evalue="2.6e+002"/>
    </motif>
    <motif id="m02" alt="DREME-2" seq="CGCGA" length="5" nsites="280" p="174" n="1901" pvalue="2.5e-010" evalue="1.1e-005" unerased_evalue="3.1e-006">
      <pos A="0.000000" C="1.000000" G="0.000000" T="0.000000"/>
      <pos A="0.000000" C="0.000000" G="1.000000" T="0.000000"/>
      <pos A="0.000000" C="1.000000" G="0.000000" T="0.000000"/>
      <pos A="0.000000" C="0.000000" G="1.000000" T="0.000000"/>
      <pos A="1.000000" C="0.000000" G="0.000000" T="0.000000"/>
      <match seq="CGCGA" p="174" n="1901" pvalue="2.5e-010" evalue="1.1e-005"/>
    </motif>
    <motif id="m03" alt="DREME-3" seq="CGCCGS" length="6" nsites="275" p="154" n="1657" pvalue="1.9e-009" evalue="8.1e-005" unerased_evalue="7.0e-005">
      <pos A="0.000000" C="1.000000" G="0.000000" T="0.000000"/>
      <pos A="0.000000" C="0.000000" G="1.000000" T="0.000000"/>
      <pos A="0.000000" C="1.000000" G="0.000000" T="0.000000"/>
      <pos A="0.000000" C="1.000000" G="0.000000" T="0.000000"/>
      <pos A="0.000000" C="0.000000" G="1.000000" T="0.000000"/>
      <pos A="0.000000" C="0.341818" G="0.658182" T="0.000000"/>
      <match seq="CGCCGG" p="119" n="1221" pvalue="2.5e-008" evalue="1.1e-003"/>
      <match seq="CGCCGC" p="72" n="837" pvalue="8.7e-004" evalue="3.8e+001"/>
    </motif>
    <motif id="m04" alt="DREME-4" seq="CGCTYS" length="6" nsites="639" p="331" n="4575" pvalue="5.2e-009" evalue="2.3e-004" unerased_evalue="2.1e-005">
      <pos A="0.000000" C="1.000000" G="0.000000" T="0.000000"/>
      <pos A="0.000000" C="0.000000" G="1.000000" T="0.000000"/>
      <pos A="0.000000" C="1.000000" G="0.000000" T="0.000000"/>
      <pos A="0.000000" C="0.000000" G="0.000000" T="1.000000"/>
      <pos A="0.000000" C="0.463224" G="0.000000" T="0.536776"/>
      <pos A="0.000000" C="0.575900" G="0.424100" T="0.000000"/>
      <match seq="CGCTCC" p="164" n="2140" pvalue="7.8e-005" evalue="3.4e+000"/>
      <match seq="CGCTCG" p="63" n="679" pvalue="3.1e-004" evalue="1.4e+001"/>
      <match seq="CGCTTC" p="125" n="1614" pvalue="5.6e-004" evalue="2.4e+001"/>
      <match seq="CGCTTG" p="163" n="2354" pvalue="7.8e-003" evalue="3.4e+002"/>
    </motif>
    <motif id="m05" alt="DREME-5" seq="GGCGGGR" length="7" nsites="349" p="213" n="2606" pvalue="1.2e-008" evalue="5.2e-004" unerased_evalue="2.5e-004">
      <pos A="0.000000" C="0.000000" G="1.000000" T="0.000000"/>
      <pos A="0.000000" C="0.000000" G="1.000000" T="0.000000"/>
      <pos A="0.000000" C="1.000000" G="0.000000" T="0.000000"/>
      <pos A="0.000000" C="0.000000" G="1.000000" T="0.000000"/>
      <pos A="0.000000" C="0.000000" G="1.000000" T="0.000000"/>
      <pos A="0.000000" C="0.000000" G="1.000000" T="0.000000"/>
      <pos A="0.372493" C="0.000000" G="0.627507" T="0.000000"/>
      <match seq="GGCGGGA" p="110" n="1258" pvalue="1.4e-005" evalue="6.0e-001"/>
      <match seq="GGCGGGG" p="149" n="1843" pvalue="1.5e-005" evalue="6.3e-001"/>
    </motif>
    <motif id="m06" alt="DREME-6" seq="CGGTMC" length="6" nsites="191" p="148" n="1670" pvalue="9.2e-008" evalue="3.9e-003" unerased_evalue="8.8e-003">
      <pos A="0.000000" C="1.000000" G="0.000000" T="0.000000"/>
      <pos A="0.000000" C="0.000000" G="1.000000" T="0.000000"/>
      <pos A="0.000000" C="0.000000" G="1.000000" T="0.000000"/>
      <pos A="0.000000" C="0.000000" G="0.000000" T="1.000000"/>
      <pos A="0.251309" C="0.748691" G="0.000000" T="0.000000"/>
      <pos A="0.000000" C="1.000000" G="0.000000" T="0.000000"/>
      <match seq="CGGTCC" p="112" n="1290" pvalue="1.5e-005" evalue="6.6e-001"/>
      <match seq="CGGTAC" p="45" n="490" pvalue="2.8e-003" evalue="1.2e+002"/>
    </motif>
    <motif id="m07" alt="DREME-7" seq="CCTSCCG" length="7" nsites="383" p="240" n="3131" pvalue="1.8e-007" evalue="7.7e-003" unerased_evalue="1.4e-002">
      <pos A="0.000000" C="1.000000" G="0.000000" T="0.000000"/>
      <pos A="0.000000" C="1.000000" G="0.000000" T="0.000000"/>
      <pos A="0.000000" C="0.000000" G="0.000000" T="1.000000"/>
      <pos A="0.000000" C="0.749347" G="0.250653" T="0.000000"/>
      <pos A="0.000000" C="1.000000" G="0.000000" T="0.000000"/>
      <pos A="0.000000" C="1.000000" G="0.000000" T="0.000000"/>
      <pos A="0.000000" C="0.000000" G="1.000000" T="0.000000"/>
      <match seq="CCTCCCG" p="190" n="2533" pvalue="4.8e-005" evalue="2.0e+000"/>
      <match seq="CCTGCCG" p="84" n="1015" pvalue="9.5e-004" evalue="4.0e+001"/>
    </motif>
    <motif id="m08" alt="DREME-8" seq="CGGCCCSG" length="8" nsites="73" p="61" n="520" pvalue="5.9e-007" evalue="2.5e-002" unerased_evalue="2.1e-002">
      <pos A="0.000000" C="1.000000" G="0.000000" T="0.000000"/>
      <pos A="0.000000" C="0.000000" G="1.000000" T="0.000000"/>
      <pos A="0.000000" C="0.000000" G="1.000000" T="0.000000"/>
      <pos A="0.000000" C="1.000000" G="0.000000" T="0.000000"/>
      <pos A="0.000000" C="1.000000" G="0.000000" T="0.000000"/>
      <pos A="0.000000" C="1.000000" G="0.000000" T="0.000000"/>
      <pos A="0.000000" C="0.506849" G="0.493151" T="0.000000"/>
      <pos A="0.000000" C="0.000000" G="1.000000" T="0.000000"/>
      <match seq="CGGCCCCG" p="33" n="283" pvalue="2.9e-004" evalue="1.2e+001"/>
      <match seq="CGGCCCGG" p="32" n="273" pvalue="3.3e-004" evalue="1.4e+001"/>
    </motif>
  </motifs>
  <run_time cpu="6212.14" real="6212.58" stop="evalue"/>
</dreme>
