<dreme version="5.1.1" release="Wed Jan 29 15:00:42 2020 -0800">
  <model>
    <command_line>dreme -oc ATSS_discordant -p enhancer_list.ATSS.discordant.fasta -n enhancer_list.ATSS.no_significant.fasta -dna</command_line>
    <positives name="enhancer list.ATSS.discordant" count="5451" file="enhancer_list.ATSS.discordant.fasta" last_mod_date="Mon Jul 06 01:06:07 CST 2020" />
    <negatives name="enhancer list.ATSS.no significant" count="25226" from="file" file="enhancer_list.ATSS.no_significant.fasta" last_mod_date="Mon Jul 06 01:06:08 CST 2020" />
    <alphabet name="DNA" like="dna">
      <letter id="A" symbol="A" complement="T" name="Adenine" colour="CC0000"/>
      <letter id="C" symbol="C" complement="G" name="Cytosine" colour="0000CC"/>
      <letter id="G" symbol="G" complement="C" name="Guanine" colour="FFB300"/>
      <letter id="T" symbol="T" aliases="U" complement="A" name="Thymine" colour="008000"/>
      <letter id="N" symbol="N" aliases="X." equals="ACGT" name="Any base"/>
      <letter id="V" symbol="V" equals="ACG" name="Not T"/>
      <letter id="H" symbol="H" equals="ACT" name="Not G"/>
      <letter id="D" symbol="D" equals="AGT" name="Not C"/>
      <letter id="B" symbol="B" equals="CGT" name="Not A"/>
      <letter id="M" symbol="M" equals="AC" name="Amino"/>
      <letter id="R" symbol="R" equals="AG" name="Purine"/>
      <letter id="W" symbol="W" equals="AT" name="Weak"/>
      <letter id="S" symbol="S" equals="CG" name="Strong"/>
      <letter id="Y" symbol="Y" equals="CT" name="Pyrimidine"/>
      <letter id="K" symbol="K" equals="GT" name="Keto"/>
    </alphabet>
    <strands>both</strands>
    <background A="0.255" C="0.245" G="0.245" T="0.255" from="dataset"/>
    <stop evalue="0.05"/>
    <ngen>100</ngen>
    <add_pv_thresh>0.01</add_pv_thresh>
    <seed>1</seed>
    <host>bits3</host>
    <when>Mon Jul 06 01:31:18 CST 2020</when>
  </model>
  <motifs>
    <motif id="m01" alt="DREME-1" seq="CGCSCCH" length="7" nsites="7276" p="3720" n="13051" pvalue="4.9e-112" evalue="2.4e-107" unerased_evalue="1.3e-078">
      <pos A="0.000000" C="1.000000" G="0.000000" T="0.000000"/>
      <pos A="0.000000" C="0.000000" G="1.000000" T="0.000000"/>
      <pos A="0.000000" C="1.000000" G="0.000000" T="0.000000"/>
      <pos A="0.000000" C="0.655580" G="0.344420" T="0.000000"/>
      <pos A="0.000000" C="1.000000" G="0.000000" T="0.000000"/>
      <pos A="0.000000" C="1.000000" G="0.000000" T="0.000000"/>
      <pos A="0.264568" C="0.461517" G="0.000000" T="0.273914"/>
      <match seq="CGCCCCC" p="1392" n="4091" pvalue="9.8e-056" evalue="4.8e-051"/>
      <match seq="CGCGCCC" p="996" n="2936" pvalue="1.7e-037" evalue="8.2e-033"/>
      <match seq="CGCCCCT" p="1043" n="3128" pvalue="6.0e-037" evalue="2.9e-032"/>
      <match seq="CGCCCCA" p="1030" n="3150" pvalue="1.1e-033" evalue="5.3e-029"/>
      <match seq="CGCGCCA" p="638" n="2142" pvalue="2.1e-013" evalue="1.0e-008"/>
      <match seq="CGCGCCT" p="538" n="1784" pvalue="4.1e-012" evalue="2.0e-007"/>
    </motif>
    <motif id="m02" alt="DREME-2" seq="CCSGCNC" length="7" nsites="8151" p="3998" n="14688" pvalue="1.1e-099" evalue="5.2e-095" unerased_evalue="3.3e-074">
      <pos A="0.000000" C="1.000000" G="0.000000" T="0.000000"/>
      <pos A="0.000000" C="1.000000" G="0.000000" T="0.000000"/>
      <pos A="0.000000" C="0.531837" G="0.468163" T="0.000000"/>
      <pos A="0.000000" C="0.000000" G="1.000000" T="0.000000"/>
      <pos A="0.000000" C="1.000000" G="0.000000" T="0.000000"/>
      <pos A="0.159367" C="0.463256" G="0.136916" T="0.240461"/>
      <pos A="0.000000" C="1.000000" G="0.000000" T="0.000000"/>
      <match seq="CCCGCCC" p="1378" n="4037" pvalue="1.0e-055" evalue="4.9e-051"/>
      <match seq="CCGGCCC" p="1332" n="4290" pvalue="5.4e-036" evalue="2.6e-031"/>
      <match seq="CCCGCGC" p="477" n="1182" pvalue="7.0e-030" evalue="3.4e-025"/>
      <match seq="CCGGCGC" p="520" n="1406" pvalue="1.8e-025" evalue="8.8e-021"/>
      <match seq="CCCGCTC" p="861" n="2772" pvalue="3.4e-022" evalue="1.6e-017"/>
      <match seq="CCGGCTC" p="804" n="2774" pvalue="1.5e-014" evalue="7.1e-010"/>
      <match seq="CCCGCAC" p="639" n="2270" pvalue="7.2e-010" evalue="3.5e-005"/>
      <match seq="CCGGCAC" p="531" n="1930" pvalue="2.7e-007" evalue="1.3e-002"/>
    </motif>
    <motif id="m03" alt="DREME-3" seq="GCGSCS" length="6" nsites="7094" p="3617" n="13007" pvalue="8.5e-090" evalue="4.1e-085" unerased_evalue="2.9e-065">
      <pos A="0.000000" C="0.000000" G="1.000000" T="0.000000"/>
      <pos A="0.000000" C="1.000000" G="0.000000" T="0.000000"/>
      <pos A="0.000000" C="0.000000" G="1.000000" T="0.000000"/>
      <pos A="0.000000" C="0.353679" G="0.646321" T="0.000000"/>
      <pos A="0.000000" C="1.000000" G="0.000000" T="0.000000"/>
      <pos A="0.000000" C="0.697350" G="0.302650" T="0.000000"/>
      <match seq="GCGGCG" p="1123" n="3257" pvalue="1.5e-045" evalue="7.2e-041"/>
      <match seq="GCGGCC" p="1814" n="6080" pvalue="3.0e-043" evalue="1.4e-038"/>
      <match seq="GCGCCG" p="707" n="2048" pvalue="1.0e-027" evalue="4.9e-023"/>
      <match seq="GCGCCC" p="1473" n="5105" pvalue="1.5e-027" evalue="7.1e-023"/>
    </motif>
    <motif id="m04" alt="DREME-4" seq="CGCSG" length="5" nsites="4361" p="2145" n="6779" pvalue="1.5e-072" evalue="7.1e-068" unerased_evalue="2.0e-084">
      <pos A="0.000000" C="1.000000" G="0.000000" T="0.000000"/>
      <pos A="0.000000" C="0.000000" G="1.000000" T="0.000000"/>
      <pos A="0.000000" C="1.000000" G="0.000000" T="0.000000"/>
      <pos A="0.000000" C="0.415960" G="0.584040" T="0.000000"/>
      <pos A="0.000000" C="0.000000" G="1.000000" T="0.000000"/>
      <match seq="CGCGG" p="1539" n="4730" pvalue="9.0e-053" evalue="4.3e-048"/>
      <match seq="CGCCG" p="1250" n="3848" pvalue="7.6e-041" evalue="3.6e-036"/>
    </motif>
    <motif id="m05" alt="DREME-5" seq="BCGGGG" length="6" nsites="8540" p="3434" n="12741" pvalue="6.8e-064" evalue="3.2e-059" unerased_evalue="4.2e-079">
      <pos A="0.000000" C="0.402342" G="0.292974" T="0.304684"/>
      <pos A="0.000000" C="1.000000" G="0.000000" T="0.000000"/>
      <pos A="0.000000" C="0.000000" G="1.000000" T="0.000000"/>
      <pos A="0.000000" C="0.000000" G="1.000000" T="0.000000"/>
      <pos A="0.000000" C="0.000000" G="1.000000" T="0.000000"/>
      <pos A="0.000000" C="0.000000" G="1.000000" T="0.000000"/>
      <match seq="CCGGGG" p="2056" n="7265" pvalue="1.2e-037" evalue="5.6e-033"/>
      <match seq="GCGGGG" p="1721" n="5917" pvalue="4.7e-035" evalue="2.2e-030"/>
      <match seq="TCGGGG" p="1809" n="6439" pvalue="3.4e-030" evalue="1.6e-025"/>
    </motif>
    <motif id="m06" alt="DREME-6" seq="CGGRSS" length="6" nsites="11201" p="3980" n="15678" pvalue="6.7e-054" evalue="3.1e-049" unerased_evalue="4.3e-062">
      <pos A="0.000000" C="1.000000" G="0.000000" T="0.000000"/>
      <pos A="0.000000" C="0.000000" G="1.000000" T="0.000000"/>
      <pos A="0.000000" C="0.000000" G="1.000000" T="0.000000"/>
      <pos A="0.589233" C="0.000000" G="0.410767" T="0.000000"/>
      <pos A="0.000000" C="0.421659" G="0.578341" T="0.000000"/>
      <pos A="0.000000" C="0.498170" G="0.501830" T="0.000000"/>
      <match seq="CGGAGG" p="2265" n="8312" pvalue="2.5e-033" evalue="1.2e-028"/>
      <match seq="CGGGCC" p="1553" n="5359" pvalue="3.8e-030" evalue="1.7e-025"/>
      <match seq="CGGAGC" p="1525" n="5629" pvalue="6.7e-019" evalue="3.1e-014"/>
      <match seq="CGGGCG" p="1035" n="3630" pvalue="3.4e-017" evalue="1.6e-012"/>
      <match seq="CGGACC" p="771" n="2687" pvalue="3.4e-013" evalue="1.6e-008"/>
      <match seq="CGGACG" p="446" n="1420" pvalue="3.3e-012" evalue="1.5e-007"/>
      <match seq="CGGGGG" p="549" n="1888" pvalue="2.8e-010" evalue="1.3e-005"/>
      <match seq="CGGGGC" p="602" n="2153" pvalue="5.6e-009" evalue="2.6e-004"/>
    </motif>
    <motif id="m07" alt="DREME-7" seq="CGSGWC" length="6" nsites="3065" p="2064" n="7143" pvalue="4.8e-043" evalue="2.2e-038" unerased_evalue="1.8e-063">
      <pos A="0.000000" C="1.000000" G="0.000000" T="0.000000"/>
      <pos A="0.000000" C="0.000000" G="1.000000" T="0.000000"/>
      <pos A="0.000000" C="0.153344" G="0.846656" T="0.000000"/>
      <pos A="0.000000" C="0.000000" G="1.000000" T="0.000000"/>
      <pos A="0.537684" C="0.000000" G="0.000000" T="0.462316"/>
      <pos A="0.000000" C="1.000000" G="0.000000" T="0.000000"/>
      <match seq="CGGGAC" p="1207" n="4070" pvalue="1.8e-025" evalue="8.0e-021"/>
      <match seq="CGGGTC" p="992" n="3353" pvalue="2.9e-020" evalue="1.3e-015"/>
      <match seq="CGCGAC" p="206" n="646" pvalue="1.1e-006" evalue="5.0e-002"/>
      <match seq="CGCGTC" p="258" n="901" pvalue="4.2e-005" evalue="1.9e+000"/>
    </motif>
    <motif id="m08" alt="DREME-8" seq="CBCGC" length="5" nsites="9704" p="3923" n="15932" pvalue="3.4e-036" evalue="1.5e-031" unerased_evalue="6.7e-046">
      <pos A="0.000000" C="1.000000" G="0.000000" T="0.000000"/>
      <pos A="0.000000" C="0.365725" G="0.066261" T="0.568013"/>
      <pos A="0.000000" C="1.000000" G="0.000000" T="0.000000"/>
      <pos A="0.000000" C="0.000000" G="1.000000" T="0.000000"/>
      <pos A="0.000000" C="1.000000" G="0.000000" T="0.000000"/>
      <match seq="CTCGC" p="3119" n="12364" pvalue="2.1e-028" evalue="9.5e-024"/>
      <match seq="CCCGC" p="2398" n="9143" pvalue="1.3e-026" evalue="5.8e-022"/>
      <match seq="CGCGC" p="545" n="1773" pvalue="2.1e-013" evalue="9.6e-009"/>
    </motif>
    <motif id="m09" alt="DREME-9" seq="CBCCWCCC" length="8" nsites="7461" p="3400" n="13526" pvalue="1.3e-032" evalue="5.7e-028" unerased_evalue="4.4e-040">
      <pos A="0.000000" C="1.000000" G="0.000000" T="0.000000"/>
      <pos A="0.000000" C="0.562927" G="0.060850" T="0.376223"/>
      <pos A="0.000000" C="1.000000" G="0.000000" T="0.000000"/>
      <pos A="0.000000" C="1.000000" G="0.000000" T="0.000000"/>
      <pos A="0.431846" C="0.000000" G="0.000000" T="0.568154"/>
      <pos A="0.000000" C="1.000000" G="0.000000" T="0.000000"/>
      <pos A="0.000000" C="1.000000" G="0.000000" T="0.000000"/>
      <pos A="0.000000" C="1.000000" G="0.000000" T="0.000000"/>
      <match seq="CCCCTCCC" p="1553" n="5702" pvalue="4.3e-020" evalue="1.9e-015"/>
      <match seq="CCCCACCC" p="1536" n="5927" pvalue="3.1e-013" evalue="1.4e-008"/>
      <match seq="CTCCTCCC" p="1294" n="5075" pvalue="2.0e-009" evalue="8.9e-005"/>
      <match seq="CTCCACCC" p="873" n="3468" pvalue="9.4e-006" evalue="4.2e-001"/>
      <match seq="CGCCTCCC" p="287" n="1058" pvalue="3.4e-004" evalue="1.5e+001"/>
      <match seq="CGCCACCC" p="140" n="500" pvalue="4.2e-003" evalue="1.9e+002"/>
    </motif>
    <motif id="m10" alt="DREME-10" seq="CGGHC" length="5" nsites="10021" p="4028" n="16596" pvalue="4.6e-032" evalue="2.0e-027" unerased_evalue="1.2e-037">
      <pos A="0.000000" C="1.000000" G="0.000000" T="0.000000"/>
      <pos A="0.000000" C="0.000000" G="1.000000" T="0.000000"/>
      <pos A="0.000000" C="0.000000" G="1.000000" T="0.000000"/>
      <pos A="0.155374" C="0.554935" G="0.000000" T="0.289692"/>
      <pos A="0.000000" C="1.000000" G="0.000000" T="0.000000"/>
      <match seq="CGGCC" p="3072" n="12296" pvalue="1.1e-024" evalue="4.8e-020"/>
      <match seq="CGGTC" p="2120" n="8006" pvalue="3.9e-024" evalue="1.7e-019"/>
      <match seq="CGGAC" p="1281" n="5165" pvalue="4.7e-007" evalue="2.1e-002"/>
    </motif>
    <motif id="m11" alt="DREME-11" seq="CGCTBS" length="6" nsites="6908" p="3474" n="14142" pvalue="8.6e-026" evalue="3.7e-021" unerased_evalue="9.0e-043">
      <pos A="0.000000" C="1.000000" G="0.000000" T="0.000000"/>
      <pos A="0.000000" C="0.000000" G="1.000000" T="0.000000"/>
      <pos A="0.000000" C="1.000000" G="0.000000" T="0.000000"/>
      <pos A="0.000000" C="0.000000" G="0.000000" T="1.000000"/>
      <pos A="0.000000" C="0.181529" G="0.430950" T="0.387522"/>
      <pos A="0.000000" C="0.471627" G="0.528373" T="0.000000"/>
      <match seq="CGCTCC" p="941" n="3459" pvalue="1.7e-011" evalue="7.3e-007"/>
      <match seq="CGCTGG" p="1314" n="5056" pvalue="2.1e-011" evalue="9.2e-007"/>
      <match seq="CGCTGC" p="1140" n="4373" pvalue="4.5e-010" evalue="1.9e-005"/>
      <match seq="CGCTTG" p="1473" n="5856" pvalue="1.8e-009" evalue="7.9e-005"/>
      <match seq="CGCTTC" p="770" n="2946" pvalue="4.4e-007" evalue="1.9e-002"/>
      <match seq="CGCTCG" p="193" n="684" pvalue="6.7e-004" evalue="2.9e+001"/>
    </motif>
    <motif id="m12" alt="DREME-12" seq="GGSGGY" length="6" nsites="10882" p="4044" n="16969" pvalue="2.7e-024" evalue="1.2e-019" unerased_evalue="1.8e-049">
      <pos A="0.000000" C="0.000000" G="1.000000" T="0.000000"/>
      <pos A="0.000000" C="0.000000" G="1.000000" T="0.000000"/>
      <pos A="0.000000" C="0.161367" G="0.838633" T="0.000000"/>
      <pos A="0.000000" C="0.000000" G="1.000000" T="0.000000"/>
      <pos A="0.000000" C="0.000000" G="1.000000" T="0.000000"/>
      <pos A="0.000000" C="0.522330" G="0.000000" T="0.477670"/>
      <match seq="GGGGGC" p="2732" n="10977" pvalue="4.0e-019" evalue="1.7e-014"/>
      <match seq="GGGGGT" p="2634" n="10900" pvalue="3.4e-012" evalue="1.4e-007"/>
      <match seq="GGCGGC" p="782" n="2937" pvalue="3.0e-008" evalue="1.3e-003"/>
      <match seq="GGCGGT" p="741" n="2789" pvalue="9.7e-008" evalue="4.2e-003"/>
    </motif>
    <motif id="m13" alt="DREME-13" seq="CSGGS" length="5" nsites="7973" p="3619" n="14930" pvalue="1.5e-023" evalue="6.5e-019" unerased_evalue="7.0e-047">
      <pos A="0.000000" C="1.000000" G="0.000000" T="0.000000"/>
      <pos A="0.000000" C="0.463690" G="0.536310" T="0.000000"/>
      <pos A="0.000000" C="0.000000" G="1.000000" T="0.000000"/>
      <pos A="0.000000" C="0.000000" G="1.000000" T="0.000000"/>
      <pos A="0.000000" C="0.463063" G="0.536937" T="0.000000"/>
      <match seq="CCGGG" p="2314" n="9213" pvalue="2.1e-016" evalue="8.9e-012"/>
      <match seq="CGGGC" p="2052" n="8118" pvalue="7.2e-015" evalue="3.0e-010"/>
      <match seq="CGGGG" p="1493" n="5983" pvalue="7.9e-009" evalue="3.4e-004"/>
      <match seq="CCGGC" p="1444" n="5952" pvalue="3.7e-006" evalue="1.6e-001"/>
    </motif>
    <motif id="m14" alt="DREME-14" seq="CGMASG" length="6" nsites="2937" p="2058" n="7849" pvalue="2.9e-021" evalue="1.2e-016" unerased_evalue="3.0e-038">
      <pos A="0.000000" C="1.000000" G="0.000000" T="0.000000"/>
      <pos A="0.000000" C="0.000000" G="1.000000" T="0.000000"/>
      <pos A="0.362955" C="0.637045" G="0.000000" T="0.000000"/>
      <pos A="1.000000" C="0.000000" G="0.000000" T="0.000000"/>
      <pos A="0.000000" C="0.196459" G="0.803541" T="0.000000"/>
      <pos A="0.000000" C="0.000000" G="1.000000" T="0.000000"/>
      <match seq="CGCAGG" p="1195" n="4520" pvalue="7.0e-012" evalue="2.9e-007"/>
      <match seq="CGCACG" p="372" n="1249" pvalue="3.3e-008" evalue="1.4e-003"/>
      <match seq="CGAAGG" p="818" n="3162" pvalue="6.9e-007" evalue="2.9e-002"/>
      <match seq="CGAACG" p="168" n="534" pvalue="1.9e-005" evalue="7.9e-001"/>
    </motif>
    <motif id="m15" alt="DREME-15" seq="CGWCS" length="5" nsites="5971" p="3155" n="13026" pvalue="2.8e-017" evalue="1.1e-012" unerased_evalue="1.9e-036">
      <pos A="0.000000" C="1.000000" G="0.000000" T="0.000000"/>
      <pos A="0.000000" C="0.000000" G="1.000000" T="0.000000"/>
      <pos A="0.409144" C="0.000000" G="0.000000" T="0.590856"/>
      <pos A="0.000000" C="1.000000" G="0.000000" T="0.000000"/>
      <pos A="0.000000" C="0.888628" G="0.111372" T="0.000000"/>
      <match seq="CGACG" p="604" n="2053" pvalue="6.1e-012" evalue="2.5e-007"/>
      <match seq="CGTCC" p="2172" n="8850" pvalue="2.1e-011" evalue="8.8e-007"/>
      <match seq="CGACC" p="1621" n="6468" pvalue="3.9e-010" evalue="1.6e-005"/>
    </motif>
    <motif id="m16" alt="DREME-16" seq="CGSAG" length="5" nsites="5335" p="3041" n="12508" pvalue="5.1e-017" evalue="2.1e-012" unerased_evalue="7.8e-031">
      <pos A="0.000000" C="1.000000" G="0.000000" T="0.000000"/>
      <pos A="0.000000" C="0.000000" G="1.000000" T="0.000000"/>
      <pos A="0.000000" C="0.551453" G="0.448547" T="0.000000"/>
      <pos A="1.000000" C="0.000000" G="0.000000" T="0.000000"/>
      <pos A="0.000000" C="0.000000" G="1.000000" T="0.000000"/>
      <match seq="CGCAG" p="2069" n="8279" pvalue="2.9e-013" evalue="1.2e-008"/>
      <match seq="CGGAG" p="1826" n="7297" pvalue="1.8e-011" evalue="7.1e-007"/>
    </motif>
    <motif id="m17" alt="DREME-17" seq="CCCCWSC" length="7" nsites="8561" p="3667" n="15473" pvalue="8.0e-017" evalue="3.2e-012" unerased_evalue="1.5e-028">
      <pos A="0.000000" C="1.000000" G="0.000000" T="0.000000"/>
      <pos A="0.000000" C="1.000000" G="0.000000" T="0.000000"/>
      <pos A="0.000000" C="1.000000" G="0.000000" T="0.000000"/>
      <pos A="0.000000" C="1.000000" G="0.000000" T="0.000000"/>
      <pos A="0.558346" C="0.000000" G="0.000000" T="0.441654"/>
      <pos A="0.000000" C="0.382549" G="0.617451" T="0.000000"/>
      <pos A="0.000000" C="1.000000" G="0.000000" T="0.000000"/>
      <match seq="CCCCAGC" p="2077" n="8535" pvalue="1.3e-009" evalue="5.1e-005"/>
      <match seq="CCCCTGC" p="1650" n="6710" pvalue="2.4e-008" evalue="9.7e-004"/>
      <match seq="CCCCTCC" p="1263" n="5087" pvalue="4.9e-007" evalue="2.0e-002"/>
      <match seq="CCCCACC" p="1309" n="5444" pvalue="5.1e-005" evalue="2.1e+000"/>
    </motif>
    <motif id="m18" alt="DREME-18" seq="CSSG" length="4" nsites="5490" p="3054" n="12659" pvalue="2.6e-015" evalue="1.0e-010" unerased_evalue="1.7e-025">
      <pos A="0.000000" C="1.000000" G="0.000000" T="0.000000"/>
      <pos A="0.000000" C="0.528597" G="0.471403" T="0.000000"/>
      <pos A="0.000000" C="0.458652" G="0.541348" T="0.000000"/>
      <pos A="0.000000" C="0.000000" G="1.000000" T="0.000000"/>
      <match seq="CCCG" p="2793" n="11514" pvalue="3.5e-014" evalue="1.4e-009"/>
      <match seq="CCGG" p="574" n="2153" pvalue="2.3e-006" evalue="9.3e-002"/>
      <match seq="CGCG" p="235" n="795" pvalue="1.7e-005" evalue="6.8e-001"/>
    </motif>
    <motif id="m19" alt="DREME-19" seq="CYCYCCC" length="7" nsites="6413" p="3288" n="13863" pvalue="2.2e-013" evalue="8.6e-009" unerased_evalue="6.9e-030">
      <pos A="0.000000" C="1.000000" G="0.000000" T="0.000000"/>
      <pos A="0.000000" C="0.386870" G="0.000000" T="0.613130"/>
      <pos A="0.000000" C="1.000000" G="0.000000" T="0.000000"/>
      <pos A="0.000000" C="0.222673" G="0.000000" T="0.777327"/>
      <pos A="0.000000" C="1.000000" G="0.000000" T="0.000000"/>
      <pos A="0.000000" C="1.000000" G="0.000000" T="0.000000"/>
      <pos A="0.000000" C="1.000000" G="0.000000" T="0.000000"/>
      <match seq="CTCCCCC" p="1216" n="4639" pvalue="2.8e-011" evalue="1.1e-006"/>
      <match seq="CCCTCCC" p="1793" n="7365" pvalue="4.3e-008" evalue="1.7e-003"/>
      <match seq="CTCTCCC" p="1955" n="8442" pvalue="3.8e-004" evalue="1.5e+001"/>
      <match seq="CCCCCCC" p="139" n="509" pvalue="8.7e-003" evalue="3.4e+002"/>
    </motif>
    <motif id="m20" alt="DREME-20" seq="GCGS" length="4" nsites="6399" p="3286" n="13868" pvalue="3.9e-013" evalue="1.5e-008" unerased_evalue="2.6e-023">
      <pos A="0.000000" C="0.000000" G="1.000000" T="0.000000"/>
      <pos A="0.000000" C="1.000000" G="0.000000" T="0.000000"/>
      <pos A="0.000000" C="0.000000" G="1.000000" T="0.000000"/>
      <pos A="0.000000" C="0.404438" G="0.595562" T="0.000000"/>
      <match seq="GCGG" p="2459" n="10189" pvalue="8.6e-011" evalue="3.3e-006"/>
      <match seq="GCGC" p="1883" n="7725" pvalue="1.0e-008" evalue="4.0e-004"/>
    </motif>
    <motif id="m21" alt="DREME-21" seq="GGGGYC" length="6" nsites="5663" p="3068" n="12872" pvalue="9.7e-013" evalue="3.6e-008" unerased_evalue="1.7e-040">
      <pos A="0.000000" C="0.000000" G="1.000000" T="0.000000"/>
      <pos A="0.000000" C="0.000000" G="1.000000" T="0.000000"/>
      <pos A="0.000000" C="0.000000" G="1.000000" T="0.000000"/>
      <pos A="0.000000" C="0.000000" G="1.000000" T="0.000000"/>
      <pos A="0.000000" C="0.567014" G="0.000000" T="0.432986"/>
      <pos A="0.000000" C="1.000000" G="0.000000" T="0.000000"/>
      <match seq="GGGGCC" p="2118" n="8809" pvalue="2.4e-008" evalue="8.9e-004"/>
      <match seq="GGGGTC" p="1812" n="7556" pvalue="1.1e-006" evalue="4.1e-002"/>
    </motif>
    <motif id="m22" alt="DREME-22" seq="BCCWCG" length="6" nsites="6101" p="3201" n="13544" pvalue="6.5e-012" evalue="2.4e-007" unerased_evalue="1.6e-030">
      <pos A="0.000000" C="0.355679" G="0.359613" T="0.284707"/>
      <pos A="0.000000" C="1.000000" G="0.000000" T="0.000000"/>
      <pos A="0.000000" C="1.000000" G="0.000000" T="0.000000"/>
      <pos A="0.607769" C="0.000000" G="0.000000" T="0.392231"/>
      <pos A="0.000000" C="1.000000" G="0.000000" T="0.000000"/>
      <pos A="0.000000" C="0.000000" G="1.000000" T="0.000000"/>
      <match seq="CCCTCG" p="701" n="2671" pvalue="9.9e-007" evalue="3.7e-002"/>
      <match seq="CCCACG" p="1180" n="4814" pvalue="9.8e-006" evalue="3.7e-001"/>
      <match seq="GCCTCG" p="821" n="3385" pvalue="8.3e-004" evalue="3.1e+001"/>
      <match seq="TCCACG" p="921" n="3835" pvalue="1.0e-003" evalue="3.8e+001"/>
      <match seq="GCCACG" p="1074" n="4525" pvalue="1.3e-003" evalue="4.7e+001"/>
      <match seq="TCCTCG" p="645" n="2662" pvalue="3.3e-003" evalue="1.2e+002"/>
    </motif>
    <motif id="m23" alt="DREME-23" seq="CGCCYW" length="6" nsites="2870" p="2017" n="8261" pvalue="1.1e-009" evalue="4.1e-005" unerased_evalue="2.9e-034">
      <pos A="0.000000" C="1.000000" G="0.000000" T="0.000000"/>
      <pos A="0.000000" C="0.000000" G="1.000000" T="0.000000"/>
      <pos A="0.000000" C="1.000000" G="0.000000" T="0.000000"/>
      <pos A="0.000000" C="1.000000" G="0.000000" T="0.000000"/>
      <pos A="0.000000" C="0.737631" G="0.000000" T="0.262369"/>
      <pos A="0.686063" C="0.000000" G="0.000000" T="0.313937"/>
      <match seq="CGCCCT" p="491" n="1844" pvalue="1.5e-005" evalue="5.5e-001"/>
      <match seq="CGCCCA" p="1245" n="5124" pvalue="1.9e-005" evalue="7.1e-001"/>
      <match seq="CGCCTA" p="366" n="1386" pvalue="3.1e-004" evalue="1.1e+001"/>
      <match seq="CGCCTT" p="354" n="1410" pvalue="5.6e-003" evalue="2.1e+002"/>
    </motif>
    <motif id="m24" alt="DREME-24" seq="CAGVCCC" length="7" nsites="4708" p="2678" n="11275" pvalue="1.5e-009" evalue="5.3e-005" unerased_evalue="1.8e-018">
      <pos A="0.000000" C="1.000000" G="0.000000" T="0.000000"/>
      <pos A="1.000000" C="0.000000" G="0.000000" T="0.000000"/>
      <pos A="0.000000" C="0.000000" G="1.000000" T="0.000000"/>
      <pos A="0.239592" C="0.367460" G="0.392948" T="0.000000"/>
      <pos A="0.000000" C="1.000000" G="0.000000" T="0.000000"/>
      <pos A="0.000000" C="1.000000" G="0.000000" T="0.000000"/>
      <pos A="0.000000" C="1.000000" G="0.000000" T="0.000000"/>
      <match seq="CAGGCCC" p="1416" n="5852" pvalue="7.7e-006" evalue="2.8e-001"/>
      <match seq="CAGCCCC" p="1346" n="5638" pvalue="1.1e-004" evalue="4.0e+000"/>
      <match seq="CAGACCC" p="911" n="3745" pvalue="3.0e-004" evalue="1.1e+001"/>
    </motif>
    <motif id="m25" alt="DREME-25" seq="AGGGSC" length="6" nsites="7162" p="3416" n="14769" pvalue="9.5e-009" evalue="3.5e-004" unerased_evalue="7.2e-020">
      <pos A="1.000000" C="0.000000" G="0.000000" T="0.000000"/>
      <pos A="0.000000" C="0.000000" G="1.000000" T="0.000000"/>
      <pos A="0.000000" C="0.000000" G="1.000000" T="0.000000"/>
      <pos A="0.000000" C="0.000000" G="1.000000" T="0.000000"/>
      <pos A="0.000000" C="0.610304" G="0.389696" T="0.000000"/>
      <pos A="0.000000" C="1.000000" G="0.000000" T="0.000000"/>
      <match seq="AGGGGC" p="1993" n="8308" pvalue="1.7e-007" evalue="6.2e-003"/>
      <match seq="AGGGCC" p="2621" n="11227" pvalue="8.3e-007" evalue="3.0e-002"/>
    </motif>
    <motif id="m26" alt="DREME-26" seq="GSCGA" length="5" nsites="3938" p="2539" n="10707" pvalue="1.3e-008" evalue="4.9e-004" unerased_evalue="2.3e-024">
      <pos A="0.000000" C="0.000000" G="1.000000" T="0.000000"/>
      <pos A="0.000000" C="0.714322" G="0.285678" T="0.000000"/>
      <pos A="0.000000" C="1.000000" G="0.000000" T="0.000000"/>
      <pos A="0.000000" C="0.000000" G="1.000000" T="0.000000"/>
      <pos A="1.000000" C="0.000000" G="0.000000" T="0.000000"/>
      <match seq="GCCGA" p="2029" n="8442" pvalue="7.1e-008" evalue="2.6e-003"/>
      <match seq="GGCGA" p="978" n="4135" pvalue="3.0e-003" evalue="1.1e+002"/>
    </motif>
    <motif id="m27" alt="DREME-27" seq="CYCACCS" length="7" nsites="3343" p="2288" n="9499" pvalue="1.8e-009" evalue="6.4e-005" unerased_evalue="6.1e-024">
      <pos A="0.000000" C="1.000000" G="0.000000" T="0.000000"/>
      <pos A="0.000000" C="0.478612" G="0.000000" T="0.521388"/>
      <pos A="0.000000" C="1.000000" G="0.000000" T="0.000000"/>
      <pos A="1.000000" C="0.000000" G="0.000000" T="0.000000"/>
      <pos A="0.000000" C="1.000000" G="0.000000" T="0.000000"/>
      <pos A="0.000000" C="1.000000" G="0.000000" T="0.000000"/>
      <pos A="0.000000" C="0.906072" G="0.093928" T="0.000000"/>
      <match seq="CCCACCC" p="1194" n="4942" pvalue="6.6e-005" evalue="2.4e+000"/>
      <match seq="CTCACCG" p="183" n="639" pvalue="5.1e-004" evalue="1.9e+001"/>
      <match seq="CTCACCC" p="1299" n="5515" pvalue="8.6e-004" evalue="3.1e+001"/>
      <match seq="CCCACCG" p="126" n="425" pvalue="1.3e-003" evalue="4.7e+001"/>
    </motif>
    <motif id="m28" alt="DREME-28" seq="GGGGAS" length="6" nsites="6904" p="3422" n="14879" pvalue="1.1e-007" evalue="4.0e-003" unerased_evalue="3.1e-024">
      <pos A="0.000000" C="0.000000" G="1.000000" T="0.000000"/>
      <pos A="0.000000" C="0.000000" G="1.000000" T="0.000000"/>
      <pos A="0.000000" C="0.000000" G="1.000000" T="0.000000"/>
      <pos A="0.000000" C="0.000000" G="1.000000" T="0.000000"/>
      <pos A="1.000000" C="0.000000" G="0.000000" T="0.000000"/>
      <pos A="0.000000" C="0.465672" G="0.534328" T="0.000000"/>
      <match seq="GGGGAC" p="2189" n="9264" pvalue="1.2e-006" evalue="4.3e-002"/>
      <match seq="GGGGAG" p="2419" n="10435" pvalue="2.4e-005" evalue="8.8e-001"/>
    </motif>
    <motif id="m29" alt="DREME-29" seq="CTCGR" length="5" nsites="4058" p="2571" n="10953" pvalue="2.5e-007" evalue="8.9e-003" unerased_evalue="1.4e-016">
      <pos A="0.000000" C="1.000000" G="0.000000" T="0.000000"/>
      <pos A="0.000000" C="0.000000" G="0.000000" T="1.000000"/>
      <pos A="0.000000" C="1.000000" G="0.000000" T="0.000000"/>
      <pos A="0.000000" C="0.000000" G="1.000000" T="0.000000"/>
      <pos A="0.709463" C="0.000000" G="0.290537" T="0.000000"/>
      <match seq="CTCGG" p="1012" n="3985" pvalue="4.0e-007" evalue="1.5e-002"/>
      <match seq="CTCGA" p="2026" n="8654" pvalue="3.3e-005" evalue="1.2e+000"/>
    </motif>
    <motif id="m30" alt="DREME-30" seq="CCAGBCC" length="7" nsites="4968" p="2816" n="12145" pvalue="1.3e-006" evalue="4.8e-002" unerased_evalue="7.3e-019">
      <pos A="0.000000" C="1.000000" G="0.000000" T="0.000000"/>
      <pos A="0.000000" C="1.000000" G="0.000000" T="0.000000"/>
      <pos A="1.000000" C="0.000000" G="0.000000" T="0.000000"/>
      <pos A="0.000000" C="0.000000" G="1.000000" T="0.000000"/>
      <pos A="0.000000" C="0.378824" G="0.404388" T="0.216787"/>
      <pos A="0.000000" C="1.000000" G="0.000000" T="0.000000"/>
      <pos A="0.000000" C="1.000000" G="0.000000" T="0.000000"/>
      <match seq="CCAGGCC" p="1514" n="6294" pvalue="8.8e-006" evalue="3.1e-001"/>
      <match seq="CCAGTCC" p="943" n="3945" pvalue="1.4e-003" evalue="4.9e+001"/>
      <match seq="CCAGCCC" p="1459" n="6300" pvalue="3.2e-003" evalue="1.1e+002"/>
    </motif>
  </motifs>
  <run_time cpu="108119.27" real="108125.80" stop="evalue"/>
</dreme>
