<dreme version="5.1.1" release="Wed Jan 29 15:00:42 2020 -0800">
  <model>
    <command_line>dreme -oc ATTS_discordant -p enhancer_list.ATTS.discordant.fasta -n enhancer_list.ATTS.no_significant.fasta -dna</command_line>
    <positives name="enhancer list.ATTS.discordant" count="3536" file="enhancer_list.ATTS.discordant.fasta" last_mod_date="Mon Jul 06 01:06:08 CST 2020" />
    <negatives name="enhancer list.ATTS.no significant" count="29635" from="file" file="enhancer_list.ATTS.no_significant.fasta" last_mod_date="Mon Jul 06 01:06:09 CST 2020" />
    <alphabet name="DNA" like="dna">
      <letter id="A" symbol="A" complement="T" name="Adenine" colour="CC0000"/>
      <letter id="C" symbol="C" complement="G" name="Cytosine" colour="0000CC"/>
      <letter id="G" symbol="G" complement="C" name="Guanine" colour="FFB300"/>
      <letter id="T" symbol="T" aliases="U" complement="A" name="Thymine" colour="008000"/>
      <letter id="N" symbol="N" aliases="X." equals="ACGT" name="Any base"/>
      <letter id="V" symbol="V" equals="ACG" name="Not T"/>
      <letter id="H" symbol="H" equals="ACT" name="Not G"/>
      <letter id="D" symbol="D" equals="AGT" name="Not C"/>
      <letter id="B" symbol="B" equals="CGT" name="Not A"/>
      <letter id="M" symbol="M" equals="AC" name="Amino"/>
      <letter id="R" symbol="R" equals="AG" name="Purine"/>
      <letter id="W" symbol="W" equals="AT" name="Weak"/>
      <letter id="S" symbol="S" equals="CG" name="Strong"/>
      <letter id="Y" symbol="Y" equals="CT" name="Pyrimidine"/>
      <letter id="K" symbol="K" equals="GT" name="Keto"/>
    </alphabet>
    <strands>both</strands>
    <background A="0.256" C="0.243" G="0.244" T="0.257" from="dataset"/>
    <stop evalue="0.05"/>
    <ngen>100</ngen>
    <add_pv_thresh>0.01</add_pv_thresh>
    <seed>1</seed>
    <host>bits6</host>
    <when>Mon Jul 06 01:31:06 CST 2020</when>
  </model>
  <motifs>
    <motif id="m01" alt="DREME-1" seq="GCGGSGB" length="7" nsites="5236" p="2449" n="13736" pvalue="2.3e-149" evalue="1.1e-144" unerased_evalue="1.5e-111">
      <pos A="0.000000" C="0.000000" G="1.000000" T="0.000000"/>
      <pos A="0.000000" C="1.000000" G="0.000000" T="0.000000"/>
      <pos A="0.000000" C="0.000000" G="1.000000" T="0.000000"/>
      <pos A="0.000000" C="0.000000" G="1.000000" T="0.000000"/>
      <pos A="0.000000" C="0.268144" G="0.731856" T="0.000000"/>
      <pos A="0.000000" C="0.000000" G="1.000000" T="0.000000"/>
      <pos A="0.000000" C="0.426471" G="0.400497" T="0.173033"/>
      <match seq="GCGGGGC" p="1001" n="4789" pvalue="7.1e-065" evalue="3.4e-060"/>
      <match seq="GCGGGGG" p="984" n="4833" pvalue="1.2e-058" evalue="6.0e-054"/>
      <match seq="GCGGCGG" p="541" n="2285" pvalue="4.2e-045" evalue="2.0e-040"/>
      <match seq="GCGGCGC" p="422" n="1663" pvalue="1.1e-040" evalue="5.4e-036"/>
      <match seq="GCGGGGT" p="563" n="2906" pvalue="1.6e-026" evalue="7.9e-022"/>
      <match seq="GCGGCGT" p="188" n="796" pvalue="1.0e-015" evalue="4.9e-011"/>
    </motif>
    <motif id="m02" alt="DREME-2" seq="CCGVCCS" length="7" nsites="4376" p="2327" n="13363" pvalue="1.7e-121" evalue="8.1e-117" unerased_evalue="6.2e-107">
      <pos A="0.000000" C="1.000000" G="0.000000" T="0.000000"/>
      <pos A="0.000000" C="1.000000" G="0.000000" T="0.000000"/>
      <pos A="0.000000" C="0.000000" G="1.000000" T="0.000000"/>
      <pos A="0.138254" C="0.465951" G="0.395795" T="0.000000"/>
      <pos A="0.000000" C="1.000000" G="0.000000" T="0.000000"/>
      <pos A="0.000000" C="1.000000" G="0.000000" T="0.000000"/>
      <pos A="0.000000" C="0.692413" G="0.307587" T="0.000000"/>
      <match seq="CCGCCCC" p="891" n="4341" pvalue="2.1e-053" evalue="1.0e-048"/>
      <match seq="CCGGCCC" p="917" n="4854" pvalue="8.7e-042" evalue="4.2e-037"/>
      <match seq="CCGCCCG" p="621" n="2908" pvalue="5.9e-040" evalue="2.8e-035"/>
      <match seq="CCGGCCG" p="407" n="1847" pvalue="5.7e-028" evalue="2.7e-023"/>
      <match seq="CCGACCC" p="441" n="2174" pvalue="6.4e-024" evalue="3.1e-019"/>
      <match seq="CCGACCG" p="118" n="539" pvalue="1.0e-008" evalue="4.8e-004"/>
    </motif>
    <motif id="m03" alt="DREME-3" seq="CCSSCG" length="6" nsites="3979" p="2215" n="12586" pvalue="7.0e-115" evalue="3.3e-110" unerased_evalue="6.9e-101">
      <pos A="0.000000" C="1.000000" G="0.000000" T="0.000000"/>
      <pos A="0.000000" C="1.000000" G="0.000000" T="0.000000"/>
      <pos A="0.000000" C="0.654184" G="0.345816" T="0.000000"/>
      <pos A="0.000000" C="0.513446" G="0.486554" T="0.000000"/>
      <pos A="0.000000" C="1.000000" G="0.000000" T="0.000000"/>
      <pos A="0.000000" C="0.000000" G="1.000000" T="0.000000"/>
      <match seq="CCCGCG" p="712" n="3061" pvalue="2.6e-058" evalue="1.3e-053"/>
      <match seq="CCGGCG" p="745" n="3336" pvalue="2.8e-055" evalue="1.3e-050"/>
      <match seq="CCGCCG" p="501" n="2265" pvalue="5.2e-035" evalue="2.5e-030"/>
      <match seq="CCCCCG" p="1094" n="6438" pvalue="3.1e-033" evalue="1.5e-028"/>
    </motif>
    <motif id="m04" alt="DREME-4" seq="BCGCG" length="5" nsites="4080" p="1786" n="9945" pvalue="4.2e-085" evalue="2.0e-080" unerased_evalue="3.0e-099">
      <pos A="0.000000" C="0.328431" G="0.437745" T="0.233824"/>
      <pos A="0.000000" C="1.000000" G="0.000000" T="0.000000"/>
      <pos A="0.000000" C="0.000000" G="1.000000" T="0.000000"/>
      <pos A="0.000000" C="1.000000" G="0.000000" T="0.000000"/>
      <pos A="0.000000" C="0.000000" G="1.000000" T="0.000000"/>
      <match seq="CCGCG" p="1259" n="6479" pvalue="1.0e-068" evalue="4.9e-064"/>
      <match seq="GCGCG" p="1397" n="7653" pvalue="7.5e-063" evalue="3.6e-058"/>
      <match seq="TCGCG" p="1040" n="5125" pvalue="4.3e-062" evalue="2.0e-057"/>
    </motif>
    <motif id="m05" alt="DREME-5" seq="CGHCCS" length="6" nsites="4757" p="2144" n="13380" pvalue="2.3e-068" evalue="1.1e-063" unerased_evalue="1.2e-084">
      <pos A="0.000000" C="1.000000" G="0.000000" T="0.000000"/>
      <pos A="0.000000" C="0.000000" G="1.000000" T="0.000000"/>
      <pos A="0.129283" C="0.519025" G="0.000000" T="0.351692"/>
      <pos A="0.000000" C="1.000000" G="0.000000" T="0.000000"/>
      <pos A="0.000000" C="1.000000" G="0.000000" T="0.000000"/>
      <pos A="0.000000" C="0.679210" G="0.320790" T="0.000000"/>
      <match seq="CGCCCC" p="1004" n="5190" pvalue="9.7e-051" evalue="4.5e-046"/>
      <match seq="CGCCCG" p="805" n="4499" pvalue="4.9e-029" evalue="2.3e-024"/>
      <match seq="CGTCCC" p="1007" n="6249" pvalue="8.8e-023" evalue="4.1e-018"/>
      <match seq="CGACCC" p="453" n="2527" pvalue="6.4e-016" evalue="2.9e-011"/>
      <match seq="CGTCCG" p="315" n="1659" pvalue="7.1e-014" evalue="3.3e-009"/>
      <match seq="CGACCG" p="128" n="657" pvalue="7.0e-007" evalue="3.2e-002"/>
    </motif>
    <motif id="m06" alt="DREME-6" seq="CCCSGR" length="6" nsites="5452" p="2342" n="15299" pvalue="3.1e-062" evalue="1.4e-057" unerased_evalue="2.3e-066">
      <pos A="0.000000" C="1.000000" G="0.000000" T="0.000000"/>
      <pos A="0.000000" C="1.000000" G="0.000000" T="0.000000"/>
      <pos A="0.000000" C="1.000000" G="0.000000" T="0.000000"/>
      <pos A="0.000000" C="0.475055" G="0.524945" T="0.000000"/>
      <pos A="0.000000" C="0.000000" G="1.000000" T="0.000000"/>
      <pos A="0.459648" C="0.000000" G="0.540352" T="0.000000"/>
      <match seq="CCCCGG" p="1211" n="6839" pvalue="1.1e-045" evalue="5.1e-041"/>
      <match seq="CCCGGG" p="1347" n="8277" pvalue="5.4e-035" evalue="2.5e-030"/>
      <match seq="CCCGGA" p="1079" n="6451" pvalue="3.2e-030" evalue="1.5e-025"/>
      <match seq="CCCCGA" p="908" n="5462" pvalue="8.6e-024" evalue="3.9e-019"/>
    </motif>
    <motif id="m07" alt="DREME-7" seq="GCGGVS" length="6" nsites="5377" p="2346" n="15799" pvalue="3.0e-050" evalue="1.4e-045" unerased_evalue="1.9e-083">
      <pos A="0.000000" C="0.000000" G="1.000000" T="0.000000"/>
      <pos A="0.000000" C="1.000000" G="0.000000" T="0.000000"/>
      <pos A="0.000000" C="0.000000" G="1.000000" T="0.000000"/>
      <pos A="0.000000" C="0.000000" G="1.000000" T="0.000000"/>
      <pos A="0.408406" C="0.245490" G="0.346104" T="0.000000"/>
      <pos A="0.000000" C="0.510508" G="0.489492" T="0.000000"/>
      <match seq="GCGGCC" p="894" n="5268" pvalue="7.2e-026" evalue="3.2e-021"/>
      <match seq="GCGGAG" p="1323" n="8540" pvalue="1.9e-025" evalue="8.7e-021"/>
      <match seq="GCGGGG" p="579" n="3206" pvalue="4.7e-021" evalue="2.1e-016"/>
      <match seq="GCGGGC" p="943" n="5924" pvalue="1.2e-019" evalue="5.4e-015"/>
      <match seq="GCGGCG" p="121" n="522" pvalue="3.6e-010" evalue="1.6e-005"/>
      <match seq="GCGGAC" p="333" n="2111" pvalue="1.0e-006" evalue="4.7e-002"/>
    </motif>
    <motif id="m08" alt="DREME-8" seq="CSGGHC" length="6" nsites="4093" p="2136" n="14127" pvalue="6.2e-047" evalue="2.8e-042" unerased_evalue="2.0e-069">
      <pos A="0.000000" C="1.000000" G="0.000000" T="0.000000"/>
      <pos A="0.000000" C="0.487418" G="0.512582" T="0.000000"/>
      <pos A="0.000000" C="0.000000" G="1.000000" T="0.000000"/>
      <pos A="0.000000" C="0.000000" G="1.000000" T="0.000000"/>
      <pos A="0.258246" C="0.473003" G="0.000000" T="0.268752"/>
      <pos A="0.000000" C="1.000000" G="0.000000" T="0.000000"/>
      <match seq="CGGGCC" p="707" n="4123" pvalue="7.3e-021" evalue="3.3e-016"/>
      <match seq="CCGGCC" p="955" n="6244" pvalue="1.5e-015" evalue="6.6e-011"/>
      <match seq="CGGGAC" p="633" n="3844" pvalue="3.0e-015" evalue="1.3e-010"/>
      <match seq="CGGGTC" p="541" n="3274" pvalue="3.1e-013" evalue="1.4e-008"/>
      <match seq="CCGGTC" p="510" n="3086" pvalue="1.7e-012" evalue="7.7e-008"/>
      <match seq="CCGGAC" p="343" n="2027" pvalue="1.3e-009" evalue="5.8e-005"/>
    </motif>
    <motif id="m09" alt="DREME-9" seq="CGWGSG" length="6" nsites="3737" p="1973" n="13292" pvalue="4.3e-035" evalue="1.9e-030" unerased_evalue="2.3e-047">
      <pos A="0.000000" C="1.000000" G="0.000000" T="0.000000"/>
      <pos A="0.000000" C="0.000000" G="1.000000" T="0.000000"/>
      <pos A="0.448756" C="0.000000" G="0.000000" T="0.551244"/>
      <pos A="0.000000" C="0.000000" G="1.000000" T="0.000000"/>
      <pos A="0.000000" C="0.174739" G="0.825261" T="0.000000"/>
      <pos A="0.000000" C="0.000000" G="1.000000" T="0.000000"/>
      <match seq="CGAGGG" p="1026" n="6560" pvalue="1.5e-019" evalue="6.9e-015"/>
      <match seq="CGTGGG" p="1220" n="8307" pvalue="1.4e-015" evalue="6.4e-011"/>
      <match seq="CGAGCG" p="273" n="1455" pvalue="1.1e-011" evalue="5.1e-007"/>
      <match seq="CGTGCG" p="329" n="1863" pvalue="4.6e-011" evalue="2.1e-006"/>
    </motif>
    <motif id="m10" alt="DREME-10" seq="GCGCYB" length="6" nsites="3386" p="1897" n="12794" pvalue="2.1e-032" evalue="9.3e-028" unerased_evalue="9.0e-058">
      <pos A="0.000000" C="0.000000" G="1.000000" T="0.000000"/>
      <pos A="0.000000" C="1.000000" G="0.000000" T="0.000000"/>
      <pos A="0.000000" C="0.000000" G="1.000000" T="0.000000"/>
      <pos A="0.000000" C="1.000000" G="0.000000" T="0.000000"/>
      <pos A="0.000000" C="0.486415" G="0.000000" T="0.513585"/>
      <pos A="0.000000" C="0.310986" G="0.275251" T="0.413763"/>
      <match seq="GCGCCT" p="958" n="6097" pvalue="1.6e-018" evalue="7.0e-014"/>
      <match seq="GCGCCC" p="614" n="3758" pvalue="3.4e-014" evalue="1.5e-009"/>
      <match seq="GCGCTG" p="842" n="5545" pvalue="7.2e-013" evalue="3.2e-008"/>
      <match seq="GCGCTC" p="554" n="3531" pvalue="2.8e-010" evalue="1.2e-005"/>
      <match seq="GCGCCG" p="165" n="855" pvalue="3.1e-008" evalue="1.4e-003"/>
      <match seq="GCGCTT" p="502" n="3321" pvalue="1.7e-007" evalue="7.4e-003"/>
    </motif>
    <motif id="m11" alt="DREME-11" seq="SCGGRA" length="6" nsites="2799" p="1689" n="11107" pvalue="3.9e-032" evalue="1.7e-027" unerased_evalue="2.0e-049">
      <pos A="0.000000" C="0.325116" G="0.674884" T="0.000000"/>
      <pos A="0.000000" C="1.000000" G="0.000000" T="0.000000"/>
      <pos A="0.000000" C="0.000000" G="1.000000" T="0.000000"/>
      <pos A="0.000000" C="0.000000" G="1.000000" T="0.000000"/>
      <pos A="0.355484" C="0.000000" G="0.644516" T="0.000000"/>
      <pos A="1.000000" C="0.000000" G="0.000000" T="0.000000"/>
      <match seq="GCGGGA" p="946" n="5831" pvalue="5.9e-022" evalue="2.6e-017"/>
      <match seq="CCGGGA" p="469" n="2737" pvalue="1.3e-013" evalue="5.5e-009"/>
      <match seq="GCGGAA" p="547" n="3436" pvalue="5.1e-011" evalue="2.2e-006"/>
      <match seq="CCGGAA" p="345" n="2300" pvalue="3.1e-005" evalue="1.4e+000"/>
    </motif>
    <motif id="m12" alt="DREME-12" seq="CCCSYCC" length="7" nsites="3560" p="1885" n="12876" pvalue="6.5e-029" evalue="2.8e-024" unerased_evalue="9.6e-063">
      <pos A="0.000000" C="1.000000" G="0.000000" T="0.000000"/>
      <pos A="0.000000" C="1.000000" G="0.000000" T="0.000000"/>
      <pos A="0.000000" C="1.000000" G="0.000000" T="0.000000"/>
      <pos A="0.000000" C="0.921910" G="0.078090" T="0.000000"/>
      <pos A="0.000000" C="0.137079" G="0.000000" T="0.862921"/>
      <pos A="0.000000" C="1.000000" G="0.000000" T="0.000000"/>
      <pos A="0.000000" C="1.000000" G="0.000000" T="0.000000"/>
      <match seq="CCCCTCC" p="1647" n="11417" pvalue="2.2e-020" evalue="9.8e-016"/>
      <match seq="CCCCCCC" p="364" n="2163" pvalue="6.8e-010" evalue="2.9e-005"/>
      <match seq="CCCGTCC" p="198" n="1086" pvalue="5.5e-008" evalue="2.4e-003"/>
      <match seq="CCCGCCC" p="72" n="408" pvalue="1.9e-003" evalue="8.2e+001"/>
    </motif>
    <motif id="m13" alt="DREME-13" seq="SCCGS" length="5" nsites="4474" p="2187" n="15539" pvalue="8.7e-027" evalue="3.8e-022" unerased_evalue="4.2e-045">
      <pos A="0.000000" C="0.350022" G="0.649978" T="0.000000"/>
      <pos A="0.000000" C="1.000000" G="0.000000" T="0.000000"/>
      <pos A="0.000000" C="1.000000" G="0.000000" T="0.000000"/>
      <pos A="0.000000" C="0.000000" G="1.000000" T="0.000000"/>
      <pos A="0.000000" C="0.609522" G="0.390478" T="0.000000"/>
      <match seq="GCCGC" p="1233" n="8355" pvalue="2.2e-016" evalue="9.3e-012"/>
      <match seq="CCCGC" p="784" n="5208" pvalue="3.0e-011" evalue="1.3e-006"/>
      <match seq="GCCGG" p="1097" n="7778" pvalue="1.2e-009" evalue="5.2e-005"/>
      <match seq="CCCGG" p="767" n="5269" pvalue="1.3e-008" evalue="5.6e-004"/>
    </motif>
    <motif id="m14" alt="DREME-14" seq="CGBCG" length="5" nsites="959" p="730" n="4149" pvalue="3.1e-024" evalue="1.3e-019" unerased_evalue="8.0e-088">
      <pos A="0.000000" C="1.000000" G="0.000000" T="0.000000"/>
      <pos A="0.000000" C="0.000000" G="1.000000" T="0.000000"/>
      <pos A="0.000000" C="0.135558" G="0.160584" T="0.703858"/>
      <pos A="0.000000" C="1.000000" G="0.000000" T="0.000000"/>
      <pos A="0.000000" C="0.000000" G="1.000000" T="0.000000"/>
      <match seq="CGTCG" p="554" n="3192" pvalue="5.0e-017" evalue="2.1e-012"/>
      <match seq="CGCCG" p="274" n="1350" pvalue="4.7e-015" evalue="2.0e-010"/>
    </motif>
    <motif id="m15" alt="DREME-15" seq="CGGVC" length="5" nsites="4099" p="2176" n="15821" pvalue="1.4e-020" evalue="5.8e-016" unerased_evalue="2.7e-044">
      <pos A="0.000000" C="1.000000" G="0.000000" T="0.000000"/>
      <pos A="0.000000" C="0.000000" G="1.000000" T="0.000000"/>
      <pos A="0.000000" C="0.000000" G="1.000000" T="0.000000"/>
      <pos A="0.165162" C="0.578434" G="0.256404" T="0.000000"/>
      <pos A="0.000000" C="1.000000" G="0.000000" T="0.000000"/>
      <match seq="CGGGC" p="872" n="5659" pvalue="9.9e-015" evalue="4.1e-010"/>
      <match seq="CGGCC" p="1562" n="11275" pvalue="1.2e-012" evalue="5.1e-008"/>
      <match seq="CGGAC" p="593" n="4207" pvalue="2.9e-005" evalue="1.2e+000"/>
    </motif>
    <motif id="m16" alt="DREME-16" seq="CSGAGS" length="6" nsites="2601" p="1647" n="11301" pvalue="2.9e-022" evalue="1.2e-017" unerased_evalue="2.4e-043">
      <pos A="0.000000" C="1.000000" G="0.000000" T="0.000000"/>
      <pos A="0.000000" C="0.542868" G="0.457132" T="0.000000"/>
      <pos A="0.000000" C="0.000000" G="1.000000" T="0.000000"/>
      <pos A="1.000000" C="0.000000" G="0.000000" T="0.000000"/>
      <pos A="0.000000" C="0.000000" G="1.000000" T="0.000000"/>
      <pos A="0.000000" C="0.422530" G="0.577470" T="0.000000"/>
      <match seq="CCGAGG" p="725" n="4701" pvalue="3.9e-012" evalue="1.6e-007"/>
      <match seq="CGGAGG" p="634" n="4106" pvalue="1.1e-010" evalue="4.7e-006"/>
      <match seq="CCGAGC" p="536" n="3602" pvalue="3.5e-007" evalue="1.4e-002"/>
      <match seq="CGGAGC" p="459" n="3029" pvalue="4.9e-007" evalue="2.0e-002"/>
    </motif>
    <motif id="m17" alt="DREME-17" seq="AGGRCG" length="6" nsites="1468" p="1121" n="7449" pvalue="7.8e-017" evalue="3.2e-012" unerased_evalue="1.3e-036">
      <pos A="1.000000" C="0.000000" G="0.000000" T="0.000000"/>
      <pos A="0.000000" C="0.000000" G="1.000000" T="0.000000"/>
      <pos A="0.000000" C="0.000000" G="1.000000" T="0.000000"/>
      <pos A="0.509537" C="0.000000" G="0.490463" T="0.000000"/>
      <pos A="0.000000" C="1.000000" G="0.000000" T="0.000000"/>
      <pos A="0.000000" C="0.000000" G="1.000000" T="0.000000"/>
      <match seq="AGGGCG" p="624" n="3755" pvalue="1.0e-015" evalue="4.1e-011"/>
      <match seq="AGGACG" p="651" n="4625" pvalue="1.3e-005" evalue="5.1e-001"/>
    </motif>
    <motif id="m18" alt="DREME-18" seq="CCCASHCC" length="8" nsites="3934" p="2027" n="14828" pvalue="1.3e-016" evalue="5.2e-012" unerased_evalue="3.4e-024">
      <pos A="0.000000" C="1.000000" G="0.000000" T="0.000000"/>
      <pos A="0.000000" C="1.000000" G="0.000000" T="0.000000"/>
      <pos A="0.000000" C="1.000000" G="0.000000" T="0.000000"/>
      <pos A="1.000000" C="0.000000" G="0.000000" T="0.000000"/>
      <pos A="0.000000" C="0.510676" G="0.489324" T="0.000000"/>
      <pos A="0.217844" C="0.558465" G="0.000000" T="0.223691"/>
      <pos A="0.000000" C="1.000000" G="0.000000" T="0.000000"/>
      <pos A="0.000000" C="1.000000" G="0.000000" T="0.000000"/>
      <match seq="CCCACCCC" p="838" n="5561" pvalue="3.7e-012" evalue="1.5e-007"/>
      <match seq="CCCAGCCC" p="887" n="6541" pvalue="3.2e-005" evalue="1.3e+000"/>
      <match seq="CCCAGACC" p="389" n="2657" pvalue="6.1e-005" evalue="2.5e+000"/>
      <match seq="CCCAGTCC" p="351" n="2390" pvalue="1.2e-004" evalue="4.7e+000"/>
      <match seq="CCCACTCC" p="467" n="3419" pvalue="2.2e-003" evalue="8.9e+001"/>
      <match seq="CCCACACC" p="407" n="3006" pvalue="6.8e-003" evalue="2.8e+002"/>
    </motif>
    <motif id="m19" alt="DREME-19" seq="CTCGC" length="5" nsites="2713" p="1745" n="12639" pvalue="2.1e-014" evalue="8.5e-010" unerased_evalue="7.0e-042">
      <pos A="0.000000" C="1.000000" G="0.000000" T="0.000000"/>
      <pos A="0.000000" C="0.000000" G="0.000000" T="1.000000"/>
      <pos A="0.000000" C="1.000000" G="0.000000" T="0.000000"/>
      <pos A="0.000000" C="0.000000" G="1.000000" T="0.000000"/>
      <pos A="0.000000" C="1.000000" G="0.000000" T="0.000000"/>
      <match seq="CTCGC" p="1745" n="12639" pvalue="2.1e-014" evalue="8.5e-010"/>
    </motif>
    <motif id="m20" alt="DREME-20" seq="SCGS" length="4" nsites="4423" p="2200" n="16470" pvalue="2.2e-014" evalue="8.9e-010" unerased_evalue="6.8e-020">
      <pos A="0.000000" C="0.398146" G="0.601854" T="0.000000"/>
      <pos A="0.000000" C="1.000000" G="0.000000" T="0.000000"/>
      <pos A="0.000000" C="0.000000" G="1.000000" T="0.000000"/>
      <pos A="0.000000" C="0.574045" G="0.425955" T="0.000000"/>
      <match seq="CCGC" p="1788" n="13194" pvalue="5.5e-012" evalue="2.2e-007"/>
      <match seq="CCGG" p="331" n="2007" pvalue="2.7e-008" evalue="1.1e-003"/>
      <match seq="GCGC" p="894" n="6305" pvalue="4.2e-008" evalue="1.7e-003"/>
    </motif>
    <motif id="m21" alt="DREME-21" seq="RCCCCS" length="6" nsites="6127" p="2544" n="19498" pvalue="6.8e-014" evalue="2.7e-009" unerased_evalue="4.4e-045">
      <pos A="0.512323" C="0.000000" G="0.487677" T="0.000000"/>
      <pos A="0.000000" C="1.000000" G="0.000000" T="0.000000"/>
      <pos A="0.000000" C="1.000000" G="0.000000" T="0.000000"/>
      <pos A="0.000000" C="1.000000" G="0.000000" T="0.000000"/>
      <pos A="0.000000" C="1.000000" G="0.000000" T="0.000000"/>
      <pos A="0.000000" C="0.835319" G="0.164681" T="0.000000"/>
      <match seq="GCCCCC" p="1629" n="11793" pvalue="5.0e-013" evalue="2.0e-008"/>
      <match seq="ACCCCC" p="1571" n="11575" pvalue="4.7e-010" evalue="1.8e-005"/>
      <match seq="GCCCCG" p="251" n="1716" pvalue="1.3e-003" evalue="5.2e+001"/>
      <match seq="ACCCCG" p="604" n="4594" pvalue="8.3e-003" evalue="3.2e+002"/>
    </motif>
    <motif id="m22" alt="DREME-22" seq="CCCG" length="4" nsites="3172" p="1873" n="13910" pvalue="6.6e-012" evalue="2.6e-007" unerased_evalue="8.1e-025">
      <pos A="0.000000" C="1.000000" G="0.000000" T="0.000000"/>
      <pos A="0.000000" C="1.000000" G="0.000000" T="0.000000"/>
      <pos A="0.000000" C="1.000000" G="0.000000" T="0.000000"/>
      <pos A="0.000000" C="0.000000" G="1.000000" T="0.000000"/>
      <match seq="CCCG" p="1873" n="13910" pvalue="6.6e-012" evalue="2.6e-007"/>
    </motif>
    <motif id="m23" alt="DREME-23" seq="CCCTBCCC" length="8" nsites="2064" p="1380" n="9970" pvalue="1.4e-010" evalue="5.5e-006" unerased_evalue="1.3e-024">
      <pos A="0.000000" C="1.000000" G="0.000000" T="0.000000"/>
      <pos A="0.000000" C="1.000000" G="0.000000" T="0.000000"/>
      <pos A="0.000000" C="1.000000" G="0.000000" T="0.000000"/>
      <pos A="0.000000" C="0.000000" G="0.000000" T="1.000000"/>
      <pos A="0.000000" C="0.250484" G="0.405523" T="0.343992"/>
      <pos A="0.000000" C="1.000000" G="0.000000" T="0.000000"/>
      <pos A="0.000000" C="1.000000" G="0.000000" T="0.000000"/>
      <pos A="0.000000" C="1.000000" G="0.000000" T="0.000000"/>
      <match seq="CCCTGCCC" p="691" n="4891" pvalue="4.0e-006" evalue="1.5e-001"/>
      <match seq="CCCTCCCC" p="470" n="3283" pvalue="6.5e-005" evalue="2.5e+000"/>
      <match seq="CCCTTCCC" p="602" n="4351" pvalue="1.5e-004" evalue="5.7e+000"/>
    </motif>
    <motif id="m24" alt="DREME-24" seq="CSCCC" length="5" nsites="4155" p="2182" n="16775" pvalue="3.2e-009" evalue="1.2e-004" unerased_evalue="1.4e-024">
      <pos A="0.000000" C="1.000000" G="0.000000" T="0.000000"/>
      <pos A="0.000000" C="0.751865" G="0.248135" T="0.000000"/>
      <pos A="0.000000" C="1.000000" G="0.000000" T="0.000000"/>
      <pos A="0.000000" C="1.000000" G="0.000000" T="0.000000"/>
      <pos A="0.000000" C="1.000000" G="0.000000" T="0.000000"/>
      <match seq="CCCCC" p="1802" n="13730" pvalue="1.0e-007" evalue="4.0e-003"/>
      <match seq="CGCCC" p="808" n="6049" pvalue="4.3e-004" evalue="1.7e+001"/>
    </motif>
    <motif id="m25" alt="DREME-25" seq="CSCCTC" length="6" nsites="2489" p="1616" n="12007" pvalue="2.0e-009" evalue="7.7e-005" unerased_evalue="1.6e-026">
      <pos A="0.000000" C="1.000000" G="0.000000" T="0.000000"/>
      <pos A="0.000000" C="0.854560" G="0.145440" T="0.000000"/>
      <pos A="0.000000" C="1.000000" G="0.000000" T="0.000000"/>
      <pos A="0.000000" C="1.000000" G="0.000000" T="0.000000"/>
      <pos A="0.000000" C="0.000000" G="0.000000" T="1.000000"/>
      <pos A="0.000000" C="1.000000" G="0.000000" T="0.000000"/>
      <match seq="CCCCTC" p="1427" n="10746" pvalue="1.1e-006" evalue="4.2e-002"/>
      <match seq="CGCCTC" p="350" n="2282" pvalue="5.2e-006" evalue="2.0e-001"/>
    </motif>
    <motif id="m26" alt="DREME-26" seq="CCCAGGYC" length="8" nsites="1173" p="901" n="6232" pvalue="1.2e-009" evalue="4.7e-005" unerased_evalue="2.2e-011">
      <pos A="0.000000" C="1.000000" G="0.000000" T="0.000000"/>
      <pos A="0.000000" C="1.000000" G="0.000000" T="0.000000"/>
      <pos A="0.000000" C="1.000000" G="0.000000" T="0.000000"/>
      <pos A="1.000000" C="0.000000" G="0.000000" T="0.000000"/>
      <pos A="0.000000" C="0.000000" G="1.000000" T="0.000000"/>
      <pos A="0.000000" C="0.000000" G="1.000000" T="0.000000"/>
      <pos A="0.000000" C="0.670077" G="0.000000" T="0.329923"/>
      <pos A="0.000000" C="1.000000" G="0.000000" T="0.000000"/>
      <match seq="CCCAGGCC" p="653" n="4339" pvalue="2.5e-009" evalue="9.6e-005"/>
      <match seq="CCCAGGTC" p="350" n="2482" pvalue="1.4e-003" evalue="5.5e+001"/>
    </motif>
    <motif id="m27" alt="DREME-27" seq="GTCGS" length="5" nsites="1657" p="1210" n="8779" pvalue="1.4e-008" evalue="5.3e-004" unerased_evalue="1.4e-031">
      <pos A="0.000000" C="0.000000" G="1.000000" T="0.000000"/>
      <pos A="0.000000" C="0.000000" G="0.000000" T="1.000000"/>
      <pos A="0.000000" C="1.000000" G="0.000000" T="0.000000"/>
      <pos A="0.000000" C="0.000000" G="1.000000" T="0.000000"/>
      <pos A="0.000000" C="0.586602" G="0.413398" T="0.000000"/>
      <match seq="GTCGC" p="789" n="5721" pvalue="1.5e-005" evalue="5.6e-001"/>
      <match seq="GTCGG" p="589" n="4196" pvalue="4.7e-005" evalue="1.8e+000"/>
    </motif>
    <motif id="m28" alt="DREME-28" seq="CGSTC" length="5" nsites="1443" p="1152" n="8324" pvalue="1.8e-008" evalue="6.9e-004" unerased_evalue="1.1e-034">
      <pos A="0.000000" C="1.000000" G="0.000000" T="0.000000"/>
      <pos A="0.000000" C="0.000000" G="1.000000" T="0.000000"/>
      <pos A="0.000000" C="0.568261" G="0.431739" T="0.000000"/>
      <pos A="0.000000" C="0.000000" G="0.000000" T="1.000000"/>
      <pos A="0.000000" C="1.000000" G="0.000000" T="0.000000"/>
      <match seq="CGCTC" p="708" n="5176" pvalue="1.1e-004" evalue="4.2e+000"/>
      <match seq="CGGTC" p="561" n="4071" pvalue="3.7e-004" evalue="1.4e+001"/>
    </motif>
    <motif id="m29" alt="DREME-29" seq="CWCSGA" length="6" nsites="1300" p="1024" n="7309" pvalue="2.2e-008" evalue="8.2e-004" unerased_evalue="2.1e-018">
      <pos A="0.000000" C="1.000000" G="0.000000" T="0.000000"/>
      <pos A="0.683846" C="0.000000" G="0.000000" T="0.316154"/>
      <pos A="0.000000" C="1.000000" G="0.000000" T="0.000000"/>
      <pos A="0.000000" C="0.422308" G="0.577692" T="0.000000"/>
      <pos A="0.000000" C="0.000000" G="1.000000" T="0.000000"/>
      <pos A="1.000000" C="0.000000" G="0.000000" T="0.000000"/>
      <match seq="CACGGA" p="468" n="3285" pvalue="1.0e-004" evalue="3.8e+000"/>
      <match seq="CTCGGA" p="248" n="1668" pvalue="6.4e-004" evalue="2.4e+001"/>
      <match seq="CACCGA" p="348" n="2486" pvalue="2.2e-003" evalue="8.4e+001"/>
      <match seq="CTCCGA" p="190" n="1311" pvalue="6.7e-003" evalue="2.5e+002"/>
    </motif>
    <motif id="m30" alt="DREME-30" seq="CCTSCTCC" length="8" nsites="1385" p="1019" n="7403" pvalue="5.4e-007" evalue="2.0e-002" unerased_evalue="5.9e-010">
      <pos A="0.000000" C="1.000000" G="0.000000" T="0.000000"/>
      <pos A="0.000000" C="1.000000" G="0.000000" T="0.000000"/>
      <pos A="0.000000" C="0.000000" G="0.000000" T="1.000000"/>
      <pos A="0.000000" C="0.629603" G="0.370397" T="0.000000"/>
      <pos A="0.000000" C="1.000000" G="0.000000" T="0.000000"/>
      <pos A="0.000000" C="0.000000" G="0.000000" T="1.000000"/>
      <pos A="0.000000" C="1.000000" G="0.000000" T="0.000000"/>
      <pos A="0.000000" C="1.000000" G="0.000000" T="0.000000"/>
      <match seq="CCTCCTCC" p="674" n="4855" pvalue="3.8e-005" evalue="1.4e+000"/>
      <match seq="CCTGCTCC" p="468" n="3416" pvalue="1.8e-003" evalue="6.5e+001"/>
    </motif>
    <motif id="m31" alt="DREME-31" seq="GGCCCY" length="6" nsites="5265" p="2304" n="18084" pvalue="8.6e-007" evalue="3.2e-002" unerased_evalue="3.2e-024">
      <pos A="0.000000" C="0.000000" G="1.000000" T="0.000000"/>
      <pos A="0.000000" C="0.000000" G="1.000000" T="0.000000"/>
      <pos A="0.000000" C="1.000000" G="0.000000" T="0.000000"/>
      <pos A="0.000000" C="1.000000" G="0.000000" T="0.000000"/>
      <pos A="0.000000" C="1.000000" G="0.000000" T="0.000000"/>
      <pos A="0.000000" C="0.361254" G="0.000000" T="0.638746"/>
      <match seq="GGCCCT" p="1881" n="14739" pvalue="5.4e-005" evalue="2.0e+000"/>
      <match seq="GGCCCC" p="1336" n="10318" pvalue="2.7e-004" evalue="1.0e+001"/>
    </motif>
    <motif id="m32" alt="DREME-32" seq="GGASCCC" length="7" nsites="1323" p="1006" n="7340" pvalue="1.3e-006" evalue="4.9e-002" unerased_evalue="6.4e-023">
      <pos A="0.000000" C="0.000000" G="1.000000" T="0.000000"/>
      <pos A="0.000000" C="0.000000" G="1.000000" T="0.000000"/>
      <pos A="1.000000" C="0.000000" G="0.000000" T="0.000000"/>
      <pos A="0.000000" C="0.331066" G="0.668934" T="0.000000"/>
      <pos A="0.000000" C="1.000000" G="0.000000" T="0.000000"/>
      <pos A="0.000000" C="1.000000" G="0.000000" T="0.000000"/>
      <pos A="0.000000" C="1.000000" G="0.000000" T="0.000000"/>
      <match seq="GGAGCCC" p="731" n="5359" pvalue="1.1e-004" evalue="4.1e+000"/>
      <match seq="GGACCCC" p="394" n="2754" pvalue="2.8e-004" evalue="1.0e+001"/>
    </motif>
  </motifs>
  <run_time cpu="58340.32" real="58343.84" stop="evalue"/>
</dreme>
