<dreme version="5.1.1" release="Wed Jan 29 15:00:42 2020 -0800">
  <model>
    <command_line>dreme -oc RI_discordant -p enhancer_list.RI.discordant.fasta -n enhancer_list.RI.no_significant.fasta -dna</command_line>
    <positives name="enhancer list.RI.discordant" count="912" file="enhancer_list.RI.discordant.fasta" last_mod_date="Mon Jul 06 01:06:09 CST 2020" />
    <negatives name="enhancer list.RI.no significant" count="6132" from="file" file="enhancer_list.RI.no_significant.fasta" last_mod_date="Mon Jul 06 01:06:10 CST 2020" />
    <alphabet name="DNA" like="dna">
      <letter id="A" symbol="A" complement="T" name="Adenine" colour="CC0000"/>
      <letter id="C" symbol="C" complement="G" name="Cytosine" colour="0000CC"/>
      <letter id="G" symbol="G" complement="C" name="Guanine" colour="FFB300"/>
      <letter id="T" symbol="T" aliases="U" complement="A" name="Thymine" colour="008000"/>
      <letter id="N" symbol="N" aliases="X." equals="ACGT" name="Any base"/>
      <letter id="V" symbol="V" equals="ACG" name="Not T"/>
      <letter id="H" symbol="H" equals="ACT" name="Not G"/>
      <letter id="D" symbol="D" equals="AGT" name="Not C"/>
      <letter id="B" symbol="B" equals="CGT" name="Not A"/>
      <letter id="M" symbol="M" equals="AC" name="Amino"/>
      <letter id="R" symbol="R" equals="AG" name="Purine"/>
      <letter id="W" symbol="W" equals="AT" name="Weak"/>
      <letter id="S" symbol="S" equals="CG" name="Strong"/>
      <letter id="Y" symbol="Y" equals="CT" name="Pyrimidine"/>
      <letter id="K" symbol="K" equals="GT" name="Keto"/>
    </alphabet>
    <strands>both</strands>
    <background A="0.242" C="0.257" G="0.258" T="0.243" from="dataset"/>
    <stop evalue="0.05"/>
    <ngen>100</ngen>
    <add_pv_thresh>0.01</add_pv_thresh>
    <seed>1</seed>
    <host>bits3</host>
    <when>Mon Jul 06 01:30:41 CST 2020</when>
  </model>
  <motifs>
    <motif id="m01" alt="DREME-1" seq="CGSSGC" length="6" nsites="2019" p="731" n="4043" pvalue="4.2e-019" evalue="1.9e-014" unerased_evalue="6.7e-006">
      <pos A="0.000000" C="1.000000" G="0.000000" T="0.000000"/>
      <pos A="0.000000" C="0.000000" G="1.000000" T="0.000000"/>
      <pos A="0.000000" C="0.331352" G="0.668648" T="0.000000"/>
      <pos A="0.000000" C="0.306587" G="0.693413" T="0.000000"/>
      <pos A="0.000000" C="0.000000" G="1.000000" T="0.000000"/>
      <pos A="0.000000" C="1.000000" G="0.000000" T="0.000000"/>
      <match seq="CGGCGC" p="233" n="955" pvalue="5.5e-013" evalue="2.5e-008"/>
      <match seq="CGCCGC" p="254" n="1083" pvalue="1.4e-012" evalue="6.7e-008"/>
      <match seq="CGCGGC" p="231" n="1019" pvalue="4.3e-010" evalue="2.0e-005"/>
      <match seq="CGGGGC" p="459" n="2529" pvalue="1.5e-007" evalue="7.1e-003"/>
    </motif>
    <motif id="m02" alt="DREME-2" seq="CGSKCCC" length="7" nsites="770" p="418" n="2085" pvalue="4.2e-012" evalue="1.9e-007" unerased_evalue="1.0e-008">
      <pos A="0.000000" C="1.000000" G="0.000000" T="0.000000"/>
      <pos A="0.000000" C="0.000000" G="1.000000" T="0.000000"/>
      <pos A="0.000000" C="0.519481" G="0.480519" T="0.000000"/>
      <pos A="0.000000" C="0.000000" G="0.568831" T="0.431169"/>
      <pos A="0.000000" C="1.000000" G="0.000000" T="0.000000"/>
      <pos A="0.000000" C="1.000000" G="0.000000" T="0.000000"/>
      <pos A="0.000000" C="1.000000" G="0.000000" T="0.000000"/>
      <match seq="CGGGCCC" p="173" n="790" pvalue="9.9e-007" evalue="4.4e-002"/>
      <match seq="CGGTCCC" p="127" n="541" pvalue="1.9e-006" evalue="8.6e-002"/>
      <match seq="CGCGCCC" p="162" n="741" pvalue="2.6e-006" evalue="1.2e-001"/>
      <match seq="CGCTCCC" p="156" n="783" pvalue="2.8e-004" evalue="1.3e+001"/>
    </motif>
    <motif id="m03" alt="DREME-3" seq="CBGCCCG" length="7" nsites="579" p="370" n="1854" pvalue="4.7e-010" evalue="2.1e-005" unerased_evalue="2.6e-006">
      <pos A="0.000000" C="1.000000" G="0.000000" T="0.000000"/>
      <pos A="0.000000" C="0.347150" G="0.207254" T="0.445596"/>
      <pos A="0.000000" C="0.000000" G="1.000000" T="0.000000"/>
      <pos A="0.000000" C="1.000000" G="0.000000" T="0.000000"/>
      <pos A="0.000000" C="1.000000" G="0.000000" T="0.000000"/>
      <pos A="0.000000" C="1.000000" G="0.000000" T="0.000000"/>
      <pos A="0.000000" C="0.000000" G="1.000000" T="0.000000"/>
      <match seq="CCGCCCG" p="160" n="735" pvalue="3.8e-006" evalue="1.7e-001"/>
      <match seq="CGGCCCG" p="100" n="419" pvalue="1.5e-005" evalue="6.7e-001"/>
      <match seq="CTGCCCG" p="223" n="1144" pvalue="3.3e-005" evalue="1.5e+000"/>
    </motif>
    <motif id="m04" alt="DREME-4" seq="CGCGMC" length="6" nsites="313" p="242" n="1104" pvalue="2.3e-009" evalue="1.0e-004" unerased_evalue="3.7e-007">
      <pos A="0.000000" C="1.000000" G="0.000000" T="0.000000"/>
      <pos A="0.000000" C="0.000000" G="1.000000" T="0.000000"/>
      <pos A="0.000000" C="1.000000" G="0.000000" T="0.000000"/>
      <pos A="0.000000" C="0.000000" G="1.000000" T="0.000000"/>
      <pos A="0.309904" C="0.690096" G="0.000000" T="0.000000"/>
      <pos A="0.000000" C="1.000000" G="0.000000" T="0.000000"/>
      <match seq="CGCGCC" p="186" n="883" pvalue="3.3e-006" evalue="1.5e-001"/>
      <match seq="CGCGAC" p="85" n="334" pvalue="9.3e-006" evalue="4.1e-001"/>
    </motif>
    <motif id="m05" alt="DREME-5" seq="CGGGNTC" length="7" nsites="648" p="413" n="2157" pvalue="3.1e-009" evalue="1.4e-004" unerased_evalue="3.3e-004">
      <pos A="0.000000" C="1.000000" G="0.000000" T="0.000000"/>
      <pos A="0.000000" C="0.000000" G="1.000000" T="0.000000"/>
      <pos A="0.000000" C="0.000000" G="1.000000" T="0.000000"/>
      <pos A="0.000000" C="0.000000" G="1.000000" T="0.000000"/>
      <pos A="0.129630" C="0.270062" G="0.259259" T="0.341049"/>
      <pos A="0.000000" C="0.000000" G="0.000000" T="1.000000"/>
      <pos A="0.000000" C="1.000000" G="0.000000" T="0.000000"/>
      <match seq="CGGGATC" p="78" n="317" pvalue="5.9e-005" evalue="2.6e+000"/>
      <match seq="CGGGCTC" p="148" n="711" pvalue="7.0e-005" evalue="3.1e+000"/>
      <match seq="CGGGTTC" p="186" n="1010" pvalue="2.2e-003" evalue="9.8e+001"/>
      <match seq="CGGGGTC" p="133" n="695" pvalue="3.2e-003" evalue="1.4e+002"/>
    </motif>
    <motif id="m06" alt="DREME-6" seq="AAKCGC" length="6" nsites="483" p="354" n="1807" pvalue="1.2e-008" evalue="5.4e-004" unerased_evalue="6.6e-004">
      <pos A="1.000000" C="0.000000" G="0.000000" T="0.000000"/>
      <pos A="1.000000" C="0.000000" G="0.000000" T="0.000000"/>
      <pos A="0.000000" C="0.000000" G="0.405797" T="0.594203"/>
      <pos A="0.000000" C="1.000000" G="0.000000" T="0.000000"/>
      <pos A="0.000000" C="0.000000" G="1.000000" T="0.000000"/>
      <pos A="0.000000" C="1.000000" G="0.000000" T="0.000000"/>
      <match seq="AATCGC" p="233" n="1196" pvalue="2.1e-005" evalue="9.3e-001"/>
      <match seq="AAGCGC" p="166" n="798" pvalue="2.4e-005" evalue="1.0e+000"/>
    </motif>
    <motif id="m07" alt="DREME-7" seq="CGGSSGC" length="7" nsites="500" p="325" n="1621" pvalue="8.6e-009" evalue="3.8e-004" unerased_evalue="2.6e-007">
      <pos A="0.000000" C="1.000000" G="0.000000" T="0.000000"/>
      <pos A="0.000000" C="0.000000" G="1.000000" T="0.000000"/>
      <pos A="0.000000" C="0.000000" G="1.000000" T="0.000000"/>
      <pos A="0.000000" C="0.224000" G="0.776000" T="0.000000"/>
      <pos A="0.000000" C="0.408000" G="0.592000" T="0.000000"/>
      <pos A="0.000000" C="0.000000" G="1.000000" T="0.000000"/>
      <pos A="0.000000" C="1.000000" G="0.000000" T="0.000000"/>
      <match seq="CGGGGGC" p="207" n="986" pvalue="9.2e-007" evalue="4.1e-002"/>
      <match seq="CGGCCGC" p="70" n="289" pvalue="2.1e-004" evalue="9.3e+000"/>
      <match seq="CGGGCGC" p="116" n="565" pvalue="7.4e-004" evalue="3.2e+001"/>
      <match seq="CGGCGGC" p="45" n="197" pvalue="6.9e-003" evalue="3.0e+002"/>
    </motif>
    <motif id="m08" alt="DREME-8" seq="GCGGRGW" length="7" nsites="522" p="357" n="1828" pvalue="1.4e-008" evalue="6.1e-004" unerased_evalue="3.4e-005">
      <pos A="0.000000" C="0.000000" G="1.000000" T="0.000000"/>
      <pos A="0.000000" C="1.000000" G="0.000000" T="0.000000"/>
      <pos A="0.000000" C="0.000000" G="1.000000" T="0.000000"/>
      <pos A="0.000000" C="0.000000" G="1.000000" T="0.000000"/>
      <pos A="0.369732" C="0.000000" G="0.630268" T="0.000000"/>
      <pos A="0.000000" C="0.000000" G="1.000000" T="0.000000"/>
      <pos A="0.613027" C="0.000000" G="0.000000" T="0.386973"/>
      <match seq="GCGGAGT" p="82" n="322" pvalue="1.3e-005" evalue="5.8e-001"/>
      <match seq="GCGGGGA" p="191" n="979" pvalue="1.4e-004" evalue="6.2e+000"/>
      <match seq="GCGGAGA" p="93" n="461" pvalue="3.9e-003" evalue="1.7e+002"/>
      <match seq="GCGGGGT" p="97" n="503" pvalue="9.7e-003" evalue="4.3e+002"/>
    </motif>
    <motif id="m09" alt="DREME-9" seq="SCGGGA" length="6" nsites="947" p="503" n="2833" pvalue="2.7e-007" evalue="1.2e-002" unerased_evalue="4.1e-003">
      <pos A="0.000000" C="0.525871" G="0.474129" T="0.000000"/>
      <pos A="0.000000" C="1.000000" G="0.000000" T="0.000000"/>
      <pos A="0.000000" C="0.000000" G="1.000000" T="0.000000"/>
      <pos A="0.000000" C="0.000000" G="1.000000" T="0.000000"/>
      <pos A="0.000000" C="0.000000" G="1.000000" T="0.000000"/>
      <pos A="1.000000" C="0.000000" G="0.000000" T="0.000000"/>
      <match seq="CCGGGA" p="334" n="1818" pvalue="1.5e-005" evalue="6.6e-001"/>
      <match seq="GCGGGA" p="320" n="1809" pvalue="4.0e-004" evalue="1.7e+001"/>
    </motif>
    <motif id="m10" alt="DREME-10" seq="DCCGTC" length="6" nsites="749" p="460" n="2565" pvalue="6.4e-007" evalue="2.8e-002" unerased_evalue="5.4e-003">
      <pos A="0.242991" C="0.000000" G="0.284379" T="0.472630"/>
      <pos A="0.000000" C="1.000000" G="0.000000" T="0.000000"/>
      <pos A="0.000000" C="1.000000" G="0.000000" T="0.000000"/>
      <pos A="0.000000" C="0.000000" G="1.000000" T="0.000000"/>
      <pos A="0.000000" C="0.000000" G="0.000000" T="1.000000"/>
      <pos A="0.000000" C="1.000000" G="0.000000" T="0.000000"/>
      <match seq="ACCGTC" p="156" n="788" pvalue="3.7e-004" evalue="1.6e+001"/>
      <match seq="GCCGTC" p="185" n="965" pvalue="4.1e-004" evalue="1.8e+001"/>
      <match seq="TCCGTC" p="261" n="1488" pvalue="2.8e-003" evalue="1.2e+002"/>
    </motif>
    <motif id="m11" alt="DREME-11" seq="CGYCCC" length="6" nsites="825" p="444" n="2462" pvalue="7.1e-007" evalue="3.1e-002" unerased_evalue="4.0e-006">
      <pos A="0.000000" C="1.000000" G="0.000000" T="0.000000"/>
      <pos A="0.000000" C="0.000000" G="1.000000" T="0.000000"/>
      <pos A="0.000000" C="0.658182" G="0.000000" T="0.341818"/>
      <pos A="0.000000" C="1.000000" G="0.000000" T="0.000000"/>
      <pos A="0.000000" C="1.000000" G="0.000000" T="0.000000"/>
      <pos A="0.000000" C="1.000000" G="0.000000" T="0.000000"/>
      <match seq="CGCCCC" p="334" n="1811" pvalue="1.1e-005" evalue="4.7e-001"/>
      <match seq="CGTCCC" p="222" n="1231" pvalue="2.0e-003" evalue="8.5e+001"/>
    </motif>
  </motifs>
  <run_time cpu="7875.56" real="7876.06" stop="evalue"/>
</dreme>
