<dreme version="5.1.1" release="Wed Jan 29 15:00:42 2020 -0800">
  <model>
    <command_line>dreme -oc ATSS_concordant -p enhancer_list.ATSS.concordant.fasta -n enhancer_list.ATSS.no_significant.fasta -dna</command_line>
    <positives name="enhancer list.ATSS.concordant" count="5328" file="enhancer_list.ATSS.concordant.fasta" last_mod_date="Mon Jul 06 01:06:07 CST 2020" />
    <negatives name="enhancer list.ATSS.no significant" count="25226" from="file" file="enhancer_list.ATSS.no_significant.fasta" last_mod_date="Mon Jul 06 01:06:08 CST 2020" />
    <alphabet name="DNA" like="dna">
      <letter id="A" symbol="A" complement="T" name="Adenine" colour="CC0000"/>
      <letter id="C" symbol="C" complement="G" name="Cytosine" colour="0000CC"/>
      <letter id="G" symbol="G" complement="C" name="Guanine" colour="FFB300"/>
      <letter id="T" symbol="T" aliases="U" complement="A" name="Thymine" colour="008000"/>
      <letter id="N" symbol="N" aliases="X." equals="ACGT" name="Any base"/>
      <letter id="V" symbol="V" equals="ACG" name="Not T"/>
      <letter id="H" symbol="H" equals="ACT" name="Not G"/>
      <letter id="D" symbol="D" equals="AGT" name="Not C"/>
      <letter id="B" symbol="B" equals="CGT" name="Not A"/>
      <letter id="M" symbol="M" equals="AC" name="Amino"/>
      <letter id="R" symbol="R" equals="AG" name="Purine"/>
      <letter id="W" symbol="W" equals="AT" name="Weak"/>
      <letter id="S" symbol="S" equals="CG" name="Strong"/>
      <letter id="Y" symbol="Y" equals="CT" name="Pyrimidine"/>
      <letter id="K" symbol="K" equals="GT" name="Keto"/>
    </alphabet>
    <strands>both</strands>
    <background A="0.255" C="0.245" G="0.245" T="0.255" from="dataset"/>
    <stop evalue="0.05"/>
    <ngen>100</ngen>
    <add_pv_thresh>0.01</add_pv_thresh>
    <seed>1</seed>
    <host>bits3</host>
    <when>Mon Jul 06 01:31:17 CST 2020</when>
  </model>
  <motifs>
    <motif id="m01" alt="DREME-1" seq="CGSCCCB" length="7" nsites="8149" p="3777" n="13573" pvalue="8.0e-120" evalue="3.9e-115" unerased_evalue="2.3e-074">
      <pos A="0.000000" C="1.000000" G="0.000000" T="0.000000"/>
      <pos A="0.000000" C="0.000000" G="1.000000" T="0.000000"/>
      <pos A="0.000000" C="0.581298" G="0.418702" T="0.000000"/>
      <pos A="0.000000" C="1.000000" G="0.000000" T="0.000000"/>
      <pos A="0.000000" C="1.000000" G="0.000000" T="0.000000"/>
      <pos A="0.000000" C="1.000000" G="0.000000" T="0.000000"/>
      <pos A="0.000000" C="0.481900" G="0.240888" T="0.277212"/>
      <match seq="CGCCCCC" p="1366" n="4091" pvalue="7.8e-056" evalue="3.8e-051"/>
      <match seq="CGCCCCG" p="861" n="2358" pvalue="1.2e-044" evalue="5.8e-040"/>
      <match seq="CGGCCCC" p="1249" n="4033" pvalue="5.7e-037" evalue="2.8e-032"/>
      <match seq="CGCCCCT" p="990" n="3128" pvalue="3.3e-031" evalue="1.6e-026"/>
      <match seq="CGGCCCG" p="624" n="1720" pvalue="3.7e-031" evalue="1.8e-026"/>
      <match seq="CGGCCCT" p="808" n="2853" pvalue="1.0e-014" evalue="5.1e-010"/>
    </motif>
    <motif id="m02" alt="DREME-2" seq="CGCVSG" length="6" nsites="10398" p="4200" n="16173" pvalue="1.8e-101" evalue="8.8e-097" unerased_evalue="9.9e-061">
      <pos A="0.000000" C="1.000000" G="0.000000" T="0.000000"/>
      <pos A="0.000000" C="0.000000" G="1.000000" T="0.000000"/>
      <pos A="0.000000" C="1.000000" G="0.000000" T="0.000000"/>
      <pos A="0.325640" C="0.447586" G="0.226774" T="0.000000"/>
      <pos A="0.000000" C="0.429217" G="0.570783" T="0.000000"/>
      <pos A="0.000000" C="0.000000" G="1.000000" T="0.000000"/>
      <match seq="CGCGGG" p="1222" n="3420" pvalue="8.2e-062" evalue="4.0e-057"/>
      <match seq="CGCCCG" p="1849" n="6320" pvalue="1.0e-045" evalue="5.0e-041"/>
      <match seq="CGCCGG" p="1048" n="3159" pvalue="4.4e-040" evalue="2.1e-035"/>
      <match seq="CGCGCG" p="487" n="1236" pvalue="1.3e-030" evalue="6.4e-026"/>
      <match seq="CGCAGG" p="1826" n="6757" pvalue="8.8e-028" evalue="4.2e-023"/>
      <match seq="CGCACG" p="658" n="2284" pvalue="3.7e-013" evalue="1.8e-008"/>
    </motif>
    <motif id="m03" alt="DREME-3" seq="CSSCGM" length="6" nsites="9747" p="3457" n="13049" pvalue="6.7e-070" evalue="3.2e-065" unerased_evalue="5.9e-070">
      <pos A="0.000000" C="1.000000" G="0.000000" T="0.000000"/>
      <pos A="0.000000" C="0.762081" G="0.237919" T="0.000000"/>
      <pos A="0.000000" C="0.780650" G="0.219350" T="0.000000"/>
      <pos A="0.000000" C="1.000000" G="0.000000" T="0.000000"/>
      <pos A="0.000000" C="0.000000" G="1.000000" T="0.000000"/>
      <pos A="0.376218" C="0.623782" G="0.000000" T="0.000000"/>
      <match seq="CGCCGC" p="1014" n="2906" pvalue="3.3e-046" evalue="1.5e-041"/>
      <match seq="CCCCGC" p="2161" n="7675" pvalue="8.4e-046" evalue="4.0e-041"/>
      <match seq="CGGCGC" p="638" n="1800" pvalue="1.2e-029" evalue="5.8e-025"/>
      <match seq="CCCCGA" p="1706" n="6366" pvalue="5.7e-024" evalue="2.7e-019"/>
      <match seq="CCGCGC" p="810" n="2642" pvalue="6.4e-022" evalue="3.0e-017"/>
      <match seq="CGCCGA" p="545" n="1621" pvalue="3.7e-021" evalue="1.8e-016"/>
      <match seq="CCGCGA" p="426" n="1244" pvalue="1.0e-017" evalue="4.8e-013"/>
      <match seq="CGGCGA" p="401" n="1209" pvalue="5.4e-015" evalue="2.6e-010"/>
    </motif>
    <motif id="m04" alt="DREME-4" seq="CSGBCC" length="6" nsites="10086" p="3711" n="14862" pvalue="1.3e-049" evalue="5.8e-045" unerased_evalue="2.2e-054">
      <pos A="0.000000" C="1.000000" G="0.000000" T="0.000000"/>
      <pos A="0.000000" C="0.626115" G="0.373885" T="0.000000"/>
      <pos A="0.000000" C="0.000000" G="1.000000" T="0.000000"/>
      <pos A="0.000000" C="0.255602" G="0.450823" T="0.293575"/>
      <pos A="0.000000" C="1.000000" G="0.000000" T="0.000000"/>
      <pos A="0.000000" C="1.000000" G="0.000000" T="0.000000"/>
      <match seq="CGGGCC" p="1585" n="5712" pvalue="1.3e-027" evalue="6.3e-023"/>
      <match seq="CCGCCC" p="1550" n="5638" pvalue="2.7e-025" evalue="1.3e-020"/>
      <match seq="CCGGCC" p="1844" n="6949" pvalue="1.1e-024" evalue="5.3e-020"/>
      <match seq="CCGTCC" p="1405" n="5274" pvalue="4.1e-018" evalue="1.9e-013"/>
      <match seq="CGGTCC" p="979" n="3544" pvalue="1.7e-015" evalue="8.1e-011"/>
      <match seq="CGGCCC" p="616" n="2408" pvalue="6.1e-006" evalue="2.8e-001"/>
    </motif>
    <motif id="m05" alt="DREME-5" seq="CGSSG" length="5" nsites="6590" p="3192" n="12539" pvalue="3.0e-042" evalue="1.4e-037" unerased_evalue="4.6e-057">
      <pos A="0.000000" C="1.000000" G="0.000000" T="0.000000"/>
      <pos A="0.000000" C="0.000000" G="1.000000" T="0.000000"/>
      <pos A="0.000000" C="0.141882" G="0.858118" T="0.000000"/>
      <pos A="0.000000" C="0.046889" G="0.953111" T="0.000000"/>
      <pos A="0.000000" C="0.000000" G="1.000000" T="0.000000"/>
      <match seq="CGGGG" p="2985" n="11736" pvalue="1.1e-036" evalue="4.9e-032"/>
      <match seq="CGCGG" p="647" n="2114" pvalue="2.7e-017" evalue="1.2e-012"/>
      <match seq="CGCCG" p="286" n="935" pvalue="3.6e-008" evalue="1.7e-003"/>
    </motif>
    <motif id="m06" alt="DREME-6" seq="CGMBCC" length="6" nsites="6388" p="3147" n="12623" pvalue="1.8e-033" evalue="8.3e-029" unerased_evalue="5.4e-056">
      <pos A="0.000000" C="1.000000" G="0.000000" T="0.000000"/>
      <pos A="0.000000" C="0.000000" G="1.000000" T="0.000000"/>
      <pos A="0.492486" C="0.507514" G="0.000000" T="0.000000"/>
      <pos A="0.000000" C="0.244834" G="0.334534" T="0.420632"/>
      <pos A="0.000000" C="1.000000" G="0.000000" T="0.000000"/>
      <pos A="0.000000" C="1.000000" G="0.000000" T="0.000000"/>
      <match seq="CGCTCC" p="1400" n="5179" pvalue="5.4e-020" evalue="2.4e-015"/>
      <match seq="CGACCC" p="873" n="3081" pvalue="5.9e-016" evalue="2.6e-011"/>
      <match seq="CGCGCC" p="744" n="2599" pvalue="2.3e-014" evalue="1.1e-009"/>
      <match seq="CGCCCC" p="483" n="1657" pvalue="1.9e-010" evalue="8.6e-006"/>
      <match seq="CGATCC" p="754" n="2948" pvalue="4.7e-007" evalue="2.1e-002"/>
      <match seq="CGAGCC" p="1062" n="4321" pvalue="7.9e-007" evalue="3.5e-002"/>
    </motif>
    <motif id="m07" alt="DREME-7" seq="CSGGAS" length="6" nsites="7468" p="3449" n="14217" pvalue="5.6e-030" evalue="2.5e-025" unerased_evalue="7.1e-042">
      <pos A="0.000000" C="1.000000" G="0.000000" T="0.000000"/>
      <pos A="0.000000" C="0.286288" G="0.713712" T="0.000000"/>
      <pos A="0.000000" C="0.000000" G="1.000000" T="0.000000"/>
      <pos A="0.000000" C="0.000000" G="1.000000" T="0.000000"/>
      <pos A="1.000000" C="0.000000" G="0.000000" T="0.000000"/>
      <pos A="0.000000" C="0.250268" G="0.749732" T="0.000000"/>
      <match seq="CGGGAG" p="2536" n="10401" pvalue="9.4e-018" evalue="4.2e-013"/>
      <match seq="CCGGAG" p="1229" n="4614" pvalue="1.5e-015" evalue="6.8e-011"/>
      <match seq="CGGGAC" p="1021" n="3797" pvalue="1.3e-013" evalue="6.0e-009"/>
      <match seq="CCGGAC" p="685" n="2407" pvalue="8.0e-013" evalue="3.5e-008"/>
    </motif>
    <motif id="m08" alt="DREME-8" seq="CSCCTCS" length="7" nsites="6424" p="3270" n="13334" pvalue="2.7e-030" evalue="1.2e-025" unerased_evalue="7.7e-042">
      <pos A="0.000000" C="1.000000" G="0.000000" T="0.000000"/>
      <pos A="0.000000" C="0.715909" G="0.284091" T="0.000000"/>
      <pos A="0.000000" C="1.000000" G="0.000000" T="0.000000"/>
      <pos A="0.000000" C="1.000000" G="0.000000" T="0.000000"/>
      <pos A="0.000000" C="0.000000" G="0.000000" T="1.000000"/>
      <pos A="0.000000" C="1.000000" G="0.000000" T="0.000000"/>
      <pos A="0.000000" C="0.852117" G="0.147883" T="0.000000"/>
      <match seq="CCCCTCC" p="2412" n="9815" pvalue="5.8e-018" evalue="2.6e-013"/>
      <match seq="CGCCTCC" p="1139" n="4366" pvalue="2.9e-012" evalue="1.3e-007"/>
      <match seq="CGCCTCG" p="431" n="1566" pvalue="5.0e-007" evalue="2.2e-002"/>
      <match seq="CCCCTCG" p="472" n="1739" pvalue="5.2e-007" evalue="2.3e-002"/>
    </motif>
    <motif id="m09" alt="DREME-9" seq="AGCGSS" length="6" nsites="3584" p="2243" n="8588" pvalue="1.1e-028" evalue="5.0e-024" unerased_evalue="5.5e-047">
      <pos A="1.000000" C="0.000000" G="0.000000" T="0.000000"/>
      <pos A="0.000000" C="0.000000" G="1.000000" T="0.000000"/>
      <pos A="0.000000" C="1.000000" G="0.000000" T="0.000000"/>
      <pos A="0.000000" C="0.000000" G="1.000000" T="0.000000"/>
      <pos A="0.000000" C="0.422712" G="0.577288" T="0.000000"/>
      <pos A="0.000000" C="0.670480" G="0.329520" T="0.000000"/>
      <match seq="AGCGCC" p="1004" n="3688" pvalue="1.7e-014" evalue="7.4e-010"/>
      <match seq="AGCGGC" p="990" n="3712" pvalue="1.9e-012" evalue="8.3e-008"/>
      <match seq="AGCGCG" p="293" n="935" pvalue="3.6e-009" evalue="1.6e-004"/>
      <match seq="AGCGGG" p="736" n="2862" pvalue="3.4e-007" evalue="1.5e-002"/>
    </motif>
    <motif id="m10" alt="DREME-10" seq="CBCGC" length="5" nsites="6524" p="3300" n="13783" pvalue="6.7e-023" evalue="2.9e-018" unerased_evalue="1.7e-034">
      <pos A="0.000000" C="1.000000" G="0.000000" T="0.000000"/>
      <pos A="0.000000" C="0.309166" G="0.037094" T="0.653740"/>
      <pos A="0.000000" C="1.000000" G="0.000000" T="0.000000"/>
      <pos A="0.000000" C="0.000000" G="1.000000" T="0.000000"/>
      <pos A="0.000000" C="1.000000" G="0.000000" T="0.000000"/>
      <match seq="CTCGC" p="2654" n="11070" pvalue="1.7e-015" evalue="7.4e-011"/>
      <match seq="CCCGC" p="1549" n="6117" pvalue="1.8e-013" evalue="7.8e-009"/>
      <match seq="CGCGC" p="244" n="772" pvalue="4.2e-008" evalue="1.8e-003"/>
    </motif>
    <motif id="m11" alt="DREME-11" seq="GCSSCC" length="6" nsites="6413" p="3162" n="13199" pvalue="4.2e-021" evalue="1.8e-016" unerased_evalue="3.6e-057">
      <pos A="0.000000" C="0.000000" G="1.000000" T="0.000000"/>
      <pos A="0.000000" C="1.000000" G="0.000000" T="0.000000"/>
      <pos A="0.000000" C="0.835179" G="0.164821" T="0.000000"/>
      <pos A="0.000000" C="0.828629" G="0.171371" T="0.000000"/>
      <pos A="0.000000" C="1.000000" G="0.000000" T="0.000000"/>
      <pos A="0.000000" C="1.000000" G="0.000000" T="0.000000"/>
      <match seq="GCCCCC" p="2636" n="10951" pvalue="3.8e-016" evalue="1.6e-011"/>
      <match seq="GCGCCC" p="577" n="2167" pvalue="2.1e-007" evalue="9.1e-003"/>
      <match seq="GCGGCC" p="492" n="1828" pvalue="6.6e-007" evalue="2.8e-002"/>
      <match seq="GCCGCC" p="710" n="2792" pvalue="2.1e-006" evalue="9.0e-002"/>
    </motif>
    <motif id="m12" alt="DREME-12" seq="CGGAS" length="5" nsites="6405" p="3245" n="13616" pvalue="9.9e-021" evalue="4.2e-016" unerased_evalue="2.6e-031">
      <pos A="0.000000" C="1.000000" G="0.000000" T="0.000000"/>
      <pos A="0.000000" C="0.000000" G="1.000000" T="0.000000"/>
      <pos A="0.000000" C="0.000000" G="1.000000" T="0.000000"/>
      <pos A="1.000000" C="0.000000" G="0.000000" T="0.000000"/>
      <pos A="0.000000" C="0.245746" G="0.754254" T="0.000000"/>
      <match seq="CGGAG" p="2795" n="11548" pvalue="4.2e-019" evalue="1.8e-014"/>
      <match seq="CGGAC" p="1278" n="5156" pvalue="6.6e-009" evalue="2.8e-004"/>
    </motif>
    <motif id="m13" alt="DREME-13" seq="CCSGR" length="5" nsites="5816" p="3109" n="12982" pvalue="2.6e-020" evalue="1.1e-015" unerased_evalue="5.8e-031">
      <pos A="0.000000" C="1.000000" G="0.000000" T="0.000000"/>
      <pos A="0.000000" C="1.000000" G="0.000000" T="0.000000"/>
      <pos A="0.000000" C="0.677613" G="0.322387" T="0.000000"/>
      <pos A="0.000000" C="0.000000" G="1.000000" T="0.000000"/>
      <pos A="0.556740" C="0.000000" G="0.443260" T="0.000000"/>
      <match seq="CCCGG" p="1957" n="7934" pvalue="6.5e-014" evalue="2.7e-009"/>
      <match seq="CCCGA" p="1725" n="6973" pvalue="3.1e-012" evalue="1.3e-007"/>
      <match seq="CCGGA" p="997" n="3940" pvalue="2.2e-008" evalue="9.4e-004"/>
    </motif>
    <motif id="m14" alt="DREME-14" seq="CCCYMCC" length="7" nsites="7400" p="3473" n="14875" pvalue="1.4e-017" evalue="5.6e-013" unerased_evalue="6.3e-030">
      <pos A="0.000000" C="1.000000" G="0.000000" T="0.000000"/>
      <pos A="0.000000" C="1.000000" G="0.000000" T="0.000000"/>
      <pos A="0.000000" C="1.000000" G="0.000000" T="0.000000"/>
      <pos A="0.000000" C="0.518378" G="0.000000" T="0.481622"/>
      <pos A="0.603243" C="0.396757" G="0.000000" T="0.000000"/>
      <pos A="0.000000" C="1.000000" G="0.000000" T="0.000000"/>
      <pos A="0.000000" C="1.000000" G="0.000000" T="0.000000"/>
      <match seq="CCCCACC" p="2232" n="9426" pvalue="4.2e-010" evalue="1.7e-005"/>
      <match seq="CCCTCCC" p="1875" n="7915" pvalue="3.9e-008" evalue="1.6e-003"/>
      <match seq="CCCCCCC" p="351" n="1328" pvalue="9.2e-005" evalue="3.8e+000"/>
      <match seq="CCCTACC" p="883" n="3715" pvalue="3.7e-004" evalue="1.5e+001"/>
    </motif>
    <motif id="m15" alt="DREME-15" seq="CSCCCW" length="6" nsites="10445" p="4094" n="18169" pvalue="2.0e-013" evalue="8.1e-009" unerased_evalue="2.4e-023">
      <pos A="0.000000" C="1.000000" G="0.000000" T="0.000000"/>
      <pos A="0.000000" C="0.767736" G="0.232264" T="0.000000"/>
      <pos A="0.000000" C="1.000000" G="0.000000" T="0.000000"/>
      <pos A="0.000000" C="1.000000" G="0.000000" T="0.000000"/>
      <pos A="0.000000" C="1.000000" G="0.000000" T="0.000000"/>
      <pos A="0.655529" C="0.000000" G="0.000000" T="0.344471"/>
      <match seq="CCCCCA" p="2856" n="12437" pvalue="6.3e-009" evalue="2.6e-004"/>
      <match seq="CCCCCT" p="2074" n="8952" pvalue="1.2e-006" evalue="5.0e-002"/>
      <match seq="CGCCCA" p="1337" n="5658" pvalue="1.6e-005" evalue="6.7e-001"/>
      <match seq="CGCCCT" p="580" n="2286" pvalue="2.5e-005" evalue="1.0e+000"/>
    </motif>
    <motif id="m16" alt="DREME-16" seq="CGACG" length="5" nsites="698" p="607" n="2095" pvalue="1.5e-012" evalue="6.2e-008" unerased_evalue="4.8e-025">
      <pos A="0.000000" C="1.000000" G="0.000000" T="0.000000"/>
      <pos A="0.000000" C="0.000000" G="1.000000" T="0.000000"/>
      <pos A="1.000000" C="0.000000" G="0.000000" T="0.000000"/>
      <pos A="0.000000" C="1.000000" G="0.000000" T="0.000000"/>
      <pos A="0.000000" C="0.000000" G="1.000000" T="0.000000"/>
      <match seq="CGACG" p="607" n="2095" pvalue="1.5e-012" evalue="6.2e-008"/>
    </motif>
    <motif id="m17" alt="DREME-17" seq="CCGS" length="4" nsites="5883" p="3132" n="13510" pvalue="1.6e-012" evalue="6.6e-008" unerased_evalue="3.7e-019">
      <pos A="0.000000" C="1.000000" G="0.000000" T="0.000000"/>
      <pos A="0.000000" C="1.000000" G="0.000000" T="0.000000"/>
      <pos A="0.000000" C="0.000000" G="1.000000" T="0.000000"/>
      <pos A="0.000000" C="0.827639" G="0.172361" T="0.000000"/>
      <match seq="CCGC" p="2836" n="12129" pvalue="4.7e-012" evalue="1.9e-007"/>
      <match seq="CCGG" p="871" n="3740" pvalue="2.7e-003" evalue="1.1e+002"/>
    </motif>
    <motif id="m18" alt="DREME-18" seq="CGRSC" length="5" nsites="5841" p="3137" n="13596" pvalue="1.6e-011" evalue="6.2e-007" unerased_evalue="1.4e-022">
      <pos A="0.000000" C="1.000000" G="0.000000" T="0.000000"/>
      <pos A="0.000000" C="0.000000" G="1.000000" T="0.000000"/>
      <pos A="0.451635" C="0.000000" G="0.548365" T="0.000000"/>
      <pos A="0.000000" C="0.643212" G="0.356788" T="0.000000"/>
      <pos A="0.000000" C="1.000000" G="0.000000" T="0.000000"/>
      <match seq="CGGCC" p="1827" n="7787" pvalue="6.4e-007" evalue="2.5e-002"/>
      <match seq="CGAGC" p="1115" n="4629" pvalue="8.1e-006" evalue="3.2e-001"/>
      <match seq="CGGGC" p="707" n="2831" pvalue="1.6e-005" evalue="6.3e-001"/>
      <match seq="CGACC" p="1095" n="4693" pvalue="5.7e-004" evalue="2.2e+001"/>
    </motif>
    <motif id="m19" alt="DREME-19" seq="AGCGY" length="5" nsites="4961" p="2881" n="12507" pvalue="1.4e-009" evalue="5.2e-005" unerased_evalue="1.5e-021">
      <pos A="1.000000" C="0.000000" G="0.000000" T="0.000000"/>
      <pos A="0.000000" C="0.000000" G="1.000000" T="0.000000"/>
      <pos A="0.000000" C="1.000000" G="0.000000" T="0.000000"/>
      <pos A="0.000000" C="0.000000" G="1.000000" T="0.000000"/>
      <pos A="0.000000" C="0.296110" G="0.000000" T="0.703890"/>
      <match seq="AGCGC" p="1194" n="4879" pvalue="2.5e-007" evalue="9.8e-003"/>
      <match seq="AGCGT" p="2351" n="10209" pvalue="4.8e-007" evalue="1.9e-002"/>
    </motif>
    <motif id="m20" alt="DREME-20" seq="GGSGYC" length="6" nsites="7079" p="3372" n="14794" pvalue="1.7e-010" evalue="6.3e-006" unerased_evalue="5.5e-029">
      <pos A="0.000000" C="0.000000" G="1.000000" T="0.000000"/>
      <pos A="0.000000" C="0.000000" G="1.000000" T="0.000000"/>
      <pos A="0.000000" C="0.133070" G="0.866930" T="0.000000"/>
      <pos A="0.000000" C="0.000000" G="1.000000" T="0.000000"/>
      <pos A="0.000000" C="0.546829" G="0.000000" T="0.453171"/>
      <pos A="0.000000" C="1.000000" G="0.000000" T="0.000000"/>
      <match seq="GGGGCC" p="2166" n="9512" pvalue="3.2e-005" evalue="1.2e+000"/>
      <match seq="GGGGTC" p="1886" n="8213" pvalue="3.6e-005" evalue="1.4e+000"/>
      <match seq="GGCGCC" p="367" n="1506" pvalue="6.6e-003" evalue="2.5e+002"/>
      <match seq="GGCGTC" p="507" n="2133" pvalue="7.1e-003" evalue="2.7e+002"/>
    </motif>
    <motif id="m21" alt="DREME-21" seq="CWCCCC" length="6" nsites="8846" p="3767" n="16843" pvalue="1.1e-008" evalue="4.3e-004" unerased_evalue="1.7e-019">
      <pos A="0.000000" C="1.000000" G="0.000000" T="0.000000"/>
      <pos A="0.431268" C="0.000000" G="0.000000" T="0.568732"/>
      <pos A="0.000000" C="1.000000" G="0.000000" T="0.000000"/>
      <pos A="0.000000" C="1.000000" G="0.000000" T="0.000000"/>
      <pos A="0.000000" C="1.000000" G="0.000000" T="0.000000"/>
      <pos A="0.000000" C="1.000000" G="0.000000" T="0.000000"/>
      <match seq="CTCCCC" p="2878" n="12690" pvalue="4.5e-007" evalue="1.7e-002"/>
      <match seq="CACCCC" p="2419" n="10743" pvalue="8.9e-005" evalue="3.4e+000"/>
    </motif>
    <motif id="m22" alt="DREME-22" seq="ASSCG" length="5" nsites="7893" p="3506" n="15621" pvalue="5.0e-008" evalue="1.9e-003" unerased_evalue="4.1e-013">
      <pos A="1.000000" C="0.000000" G="0.000000" T="0.000000"/>
      <pos A="0.000000" C="0.147599" G="0.852401" T="0.000000"/>
      <pos A="0.000000" C="0.496136" G="0.503864" T="0.000000"/>
      <pos A="0.000000" C="1.000000" G="0.000000" T="0.000000"/>
      <pos A="0.000000" C="0.000000" G="1.000000" T="0.000000"/>
      <match seq="AGCCG" p="2167" n="9412" pvalue="2.5e-006" evalue="9.4e-002"/>
      <match seq="AGGCG" p="2269" n="10082" pvalue="2.2e-004" evalue="8.2e+000"/>
      <match seq="ACCCG" p="751" n="3114" pvalue="3.0e-004" evalue="1.1e+001"/>
      <match seq="ACGCG" p="296" n="1195" pvalue="7.1e-003" evalue="2.7e+002"/>
    </motif>
    <motif id="m23" alt="DREME-23" seq="CCTCG" length="5" nsites="3292" p="2239" n="9654" pvalue="2.0e-007" evalue="7.2e-003" unerased_evalue="4.5e-027">
      <pos A="0.000000" C="1.000000" G="0.000000" T="0.000000"/>
      <pos A="0.000000" C="1.000000" G="0.000000" T="0.000000"/>
      <pos A="0.000000" C="0.000000" G="0.000000" T="1.000000"/>
      <pos A="0.000000" C="1.000000" G="0.000000" T="0.000000"/>
      <pos A="0.000000" C="0.000000" G="1.000000" T="0.000000"/>
      <match seq="CCTCG" p="2239" n="9654" pvalue="2.0e-007" evalue="7.2e-003"/>
    </motif>
    <motif id="m24" alt="DREME-24" seq="GGGGCTB" length="7" nsites="3942" p="2437" n="10630" pvalue="7.9e-007" evalue="2.9e-002" unerased_evalue="4.6e-017">
      <pos A="0.000000" C="0.000000" G="1.000000" T="0.000000"/>
      <pos A="0.000000" C="0.000000" G="1.000000" T="0.000000"/>
      <pos A="0.000000" C="0.000000" G="1.000000" T="0.000000"/>
      <pos A="0.000000" C="0.000000" G="1.000000" T="0.000000"/>
      <pos A="0.000000" C="1.000000" G="0.000000" T="0.000000"/>
      <pos A="0.000000" C="0.000000" G="0.000000" T="1.000000"/>
      <pos A="0.000000" C="0.252156" G="0.508371" T="0.239472"/>
      <match seq="GGGGCTC" p="851" n="3607" pvalue="9.8e-004" evalue="3.6e+001"/>
      <match seq="GGGGCTT" p="836" n="3594" pvalue="3.7e-003" evalue="1.4e+002"/>
      <match seq="GGGGCTG" p="1474" n="6554" pvalue="6.0e-003" evalue="2.2e+002"/>
    </motif>
    <motif id="m25" alt="DREME-25" seq="CTCCWCCC" length="8" nsites="1393" p="1147" n="4715" pvalue="1.3e-006" evalue="4.6e-002" unerased_evalue="1.2e-006">
      <pos A="0.000000" C="1.000000" G="0.000000" T="0.000000"/>
      <pos A="0.000000" C="0.000000" G="0.000000" T="1.000000"/>
      <pos A="0.000000" C="1.000000" G="0.000000" T="0.000000"/>
      <pos A="0.000000" C="1.000000" G="0.000000" T="0.000000"/>
      <pos A="0.382627" C="0.000000" G="0.000000" T="0.617373"/>
      <pos A="0.000000" C="1.000000" G="0.000000" T="0.000000"/>
      <pos A="0.000000" C="1.000000" G="0.000000" T="0.000000"/>
      <pos A="0.000000" C="1.000000" G="0.000000" T="0.000000"/>
      <match seq="CTCCTCCC" p="733" n="3085" pvalue="1.3e-003" evalue="4.7e+001"/>
      <match seq="CTCCACCC" p="484" n="1992" pvalue="2.4e-003" evalue="8.7e+001"/>
    </motif>
  </motifs>
  <run_time cpu="50591.69" real="50598.24" stop="evalue"/>
</dreme>
