<dreme version="5.1.1" release="Wed Jan 29 15:00:42 2020 -0800">
  <model>
    <command_line>dreme -oc MXE_discordant -p enhancer_list.MXE.discordant.fasta -n enhancer_list.MXE.no_significant.fasta -dna</command_line>
    <positives name="enhancer list.MXE.discordant" count="364" file="enhancer_list.MXE.discordant.fasta" last_mod_date="Mon Jul 06 01:06:09 CST 2020" />
    <negatives name="enhancer list.MXE.no significant" count="1239" from="file" file="enhancer_list.MXE.no_significant.fasta" last_mod_date="Mon Jul 06 01:06:09 CST 2020" />
    <alphabet name="DNA" like="dna">
      <letter id="A" symbol="A" complement="T" name="Adenine" colour="CC0000"/>
      <letter id="C" symbol="C" complement="G" name="Cytosine" colour="0000CC"/>
      <letter id="G" symbol="G" complement="C" name="Guanine" colour="FFB300"/>
      <letter id="T" symbol="T" aliases="U" complement="A" name="Thymine" colour="008000"/>
      <letter id="N" symbol="N" aliases="X." equals="ACGT" name="Any base"/>
      <letter id="V" symbol="V" equals="ACG" name="Not T"/>
      <letter id="H" symbol="H" equals="ACT" name="Not G"/>
      <letter id="D" symbol="D" equals="AGT" name="Not C"/>
      <letter id="B" symbol="B" equals="CGT" name="Not A"/>
      <letter id="M" symbol="M" equals="AC" name="Amino"/>
      <letter id="R" symbol="R" equals="AG" name="Purine"/>
      <letter id="W" symbol="W" equals="AT" name="Weak"/>
      <letter id="S" symbol="S" equals="CG" name="Strong"/>
      <letter id="Y" symbol="Y" equals="CT" name="Pyrimidine"/>
      <letter id="K" symbol="K" equals="GT" name="Keto"/>
    </alphabet>
    <strands>both</strands>
    <background A="0.256" C="0.244" G="0.246" T="0.254" from="dataset"/>
    <stop evalue="0.05"/>
    <ngen>100</ngen>
    <add_pv_thresh>0.01</add_pv_thresh>
    <seed>1</seed>
    <host>bits3</host>
    <when>Mon Jul 06 01:30:33 CST 2020</when>
  </model>
  <motifs>
    <motif id="m01" alt="DREME-1" seq="CGGRGC" length="6" nsites="580" p="230" n="576" pvalue="1.3e-008" evalue="5.6e-004" unerased_evalue="5.6e-004">
      <pos A="0.000000" C="1.000000" G="0.000000" T="0.000000"/>
      <pos A="0.000000" C="0.000000" G="1.000000" T="0.000000"/>
      <pos A="0.000000" C="0.000000" G="1.000000" T="0.000000"/>
      <pos A="0.337931" C="0.000000" G="0.662069" T="0.000000"/>
      <pos A="0.000000" C="0.000000" G="1.000000" T="0.000000"/>
      <pos A="0.000000" C="1.000000" G="0.000000" T="0.000000"/>
      <match seq="CGGAGC" p="140" n="327" pvalue="7.9e-006" evalue="3.4e-001"/>
      <match seq="CGGGGC" p="176" n="447" pvalue="1.8e-005" evalue="7.8e-001"/>
    </motif>
    <motif id="m02" alt="DREME-2" seq="GCGGM" length="5" nsites="988" p="295" n="818" pvalue="1.2e-008" evalue="5.2e-004" unerased_evalue="3.3e-003">
      <pos A="0.000000" C="0.000000" G="1.000000" T="0.000000"/>
      <pos A="0.000000" C="1.000000" G="0.000000" T="0.000000"/>
      <pos A="0.000000" C="0.000000" G="1.000000" T="0.000000"/>
      <pos A="0.000000" C="0.000000" G="1.000000" T="0.000000"/>
      <pos A="0.454453" C="0.545547" G="0.000000" T="0.000000"/>
      <match seq="GCGGA" p="236" n="632" pvalue="1.9e-006" evalue="8.0e-002"/>
      <match seq="GCGGC" p="214" n="585" pvalue="6.4e-005" evalue="2.7e+000"/>
    </motif>
    <motif id="m03" alt="DREME-3" seq="KCGCCCCA" length="8" nsites="45" p="43" n="52" pvalue="4.3e-007" evalue="1.8e-002" unerased_evalue="2.5e-002">
      <pos A="0.000000" C="0.000000" G="0.488889" T="0.511111"/>
      <pos A="0.000000" C="1.000000" G="0.000000" T="0.000000"/>
      <pos A="0.000000" C="0.000000" G="1.000000" T="0.000000"/>
      <pos A="0.000000" C="1.000000" G="0.000000" T="0.000000"/>
      <pos A="0.000000" C="1.000000" G="0.000000" T="0.000000"/>
      <pos A="0.000000" C="1.000000" G="0.000000" T="0.000000"/>
      <pos A="0.000000" C="1.000000" G="0.000000" T="0.000000"/>
      <pos A="1.000000" C="0.000000" G="0.000000" T="0.000000"/>
      <match seq="TCGCCCCA" p="23" n="25" pvalue="8.4e-005" evalue="3.6e+000"/>
      <match seq="GCGCCCCA" p="21" n="30" pvalue="2.1e-003" evalue="8.9e+001"/>
    </motif>
  </motifs>
  <run_time cpu="920.62" real="923.39" stop="evalue"/>
</dreme>
