<dreme version="5.1.1" release="Wed Jan 29 15:00:42 2020 -0800">
  <model>
    <command_line>dreme -oc A5SS_discordant -p enhancer_list.A5SS.discordant.fasta -n enhancer_list.A5SS.no_significant.fasta -dna</command_line>
    <positives name="enhancer list.A5SS.discordant" count="350" file="enhancer_list.A5SS.discordant.fasta" last_mod_date="Mon Jul 06 01:06:03 CST 2020" />
    <negatives name="enhancer list.A5SS.no significant" count="4135" from="file" file="enhancer_list.A5SS.no_significant.fasta" last_mod_date="Mon Jul 06 01:06:03 CST 2020" />
    <alphabet name="DNA" like="dna">
      <letter id="A" symbol="A" complement="T" name="Adenine" colour="CC0000"/>
      <letter id="C" symbol="C" complement="G" name="Cytosine" colour="0000CC"/>
      <letter id="G" symbol="G" complement="C" name="Guanine" colour="FFB300"/>
      <letter id="T" symbol="T" aliases="U" complement="A" name="Thymine" colour="008000"/>
      <letter id="N" symbol="N" aliases="X." equals="ACGT" name="Any base"/>
      <letter id="V" symbol="V" equals="ACG" name="Not T"/>
      <letter id="H" symbol="H" equals="ACT" name="Not G"/>
      <letter id="D" symbol="D" equals="AGT" name="Not C"/>
      <letter id="B" symbol="B" equals="CGT" name="Not A"/>
      <letter id="M" symbol="M" equals="AC" name="Amino"/>
      <letter id="R" symbol="R" equals="AG" name="Purine"/>
      <letter id="W" symbol="W" equals="AT" name="Weak"/>
      <letter id="S" symbol="S" equals="CG" name="Strong"/>
      <letter id="Y" symbol="Y" equals="CT" name="Pyrimidine"/>
      <letter id="K" symbol="K" equals="GT" name="Keto"/>
    </alphabet>
    <strands>both</strands>
    <background A="0.245" C="0.255" G="0.255" T="0.245" from="dataset"/>
    <stop evalue="0.05"/>
    <ngen>100</ngen>
    <add_pv_thresh>0.01</add_pv_thresh>
    <seed>1</seed>
    <host>bits3</host>
    <when>Mon Jul 06 01:30:38 CST 2020</when>
  </model>
  <motifs>
    <motif id="m01" alt="DREME-1" seq="GTCCGGS" length="7" nsites="102" p="79" n="529" pvalue="1.1e-006" evalue="4.7e-002" unerased_evalue="4.7e-002">
      <pos A="0.000000" C="0.000000" G="1.000000" T="0.000000"/>
      <pos A="0.000000" C="0.000000" G="0.000000" T="1.000000"/>
      <pos A="0.000000" C="1.000000" G="0.000000" T="0.000000"/>
      <pos A="0.000000" C="1.000000" G="0.000000" T="0.000000"/>
      <pos A="0.000000" C="0.000000" G="1.000000" T="0.000000"/>
      <pos A="0.000000" C="0.000000" G="1.000000" T="0.000000"/>
      <pos A="0.000000" C="0.411765" G="0.588235" T="0.000000"/>
      <match seq="GTCCGGC" p="40" n="243" pvalue="1.2e-004" evalue="5.1e+000"/>
      <match seq="GTCCGGG" p="43" n="321" pvalue="3.2e-003" evalue="1.4e+002"/>
    </motif>
  </motifs>
  <run_time cpu="1199.25" real="1199.36" stop="evalue"/>
</dreme>
