<dreme version="5.1.1" release="Wed Jan 29 15:00:42 2020 -0800">
  <model>
    <command_line>dreme -oc A5SS_concordant -p enhancer_list.A5SS.concordant.fasta -n enhancer_list.A5SS.no_significant.fasta -dna</command_line>
    <positives name="enhancer list.A5SS.concordant" count="518" file="enhancer_list.A5SS.concordant.fasta" last_mod_date="Mon Jul 06 01:06:03 CST 2020" />
    <negatives name="enhancer list.A5SS.no significant" count="4135" from="file" file="enhancer_list.A5SS.no_significant.fasta" last_mod_date="Mon Jul 06 01:06:03 CST 2020" />
    <alphabet name="DNA" like="dna">
      <letter id="A" symbol="A" complement="T" name="Adenine" colour="CC0000"/>
      <letter id="C" symbol="C" complement="G" name="Cytosine" colour="0000CC"/>
      <letter id="G" symbol="G" complement="C" name="Guanine" colour="FFB300"/>
      <letter id="T" symbol="T" aliases="U" complement="A" name="Thymine" colour="008000"/>
      <letter id="N" symbol="N" aliases="X." equals="ACGT" name="Any base"/>
      <letter id="V" symbol="V" equals="ACG" name="Not T"/>
      <letter id="H" symbol="H" equals="ACT" name="Not G"/>
      <letter id="D" symbol="D" equals="AGT" name="Not C"/>
      <letter id="B" symbol="B" equals="CGT" name="Not A"/>
      <letter id="M" symbol="M" equals="AC" name="Amino"/>
      <letter id="R" symbol="R" equals="AG" name="Purine"/>
      <letter id="W" symbol="W" equals="AT" name="Weak"/>
      <letter id="S" symbol="S" equals="CG" name="Strong"/>
      <letter id="Y" symbol="Y" equals="CT" name="Pyrimidine"/>
      <letter id="K" symbol="K" equals="GT" name="Keto"/>
    </alphabet>
    <strands>both</strands>
    <background A="0.245" C="0.255" G="0.255" T="0.245" from="dataset"/>
    <stop evalue="0.05"/>
    <ngen>100</ngen>
    <add_pv_thresh>0.01</add_pv_thresh>
    <seed>1</seed>
    <host>bits3</host>
    <when>Mon Jul 06 01:30:38 CST 2020</when>
  </model>
  <motifs>
    <motif id="m01" alt="DREME-1" seq="CGCSGS" length="6" nsites="822" p="265" n="1424" pvalue="1.6e-013" evalue="7.3e-009" unerased_evalue="7.3e-009">
      <pos A="0.000000" C="1.000000" G="0.000000" T="0.000000"/>
      <pos A="0.000000" C="0.000000" G="1.000000" T="0.000000"/>
      <pos A="0.000000" C="1.000000" G="0.000000" T="0.000000"/>
      <pos A="0.000000" C="0.506083" G="0.493917" T="0.000000"/>
      <pos A="0.000000" C="0.000000" G="1.000000" T="0.000000"/>
      <pos A="0.000000" C="0.469586" G="0.530414" T="0.000000"/>
      <match seq="CGCGGC" p="136" n="644" pvalue="4.0e-009" evalue="1.8e-004"/>
      <match seq="CGCGGG" p="148" n="741" pvalue="1.8e-008" evalue="8.1e-004"/>
      <match seq="CGCCGC" p="141" n="702" pvalue="3.4e-008" evalue="1.5e-003"/>
      <match seq="CGCCGG" p="135" n="667" pvalue="5.0e-008" evalue="2.3e-003"/>
    </motif>
    <motif id="m02" alt="DREME-2" seq="KCCCCGS" length="7" nsites="697" p="301" n="1744" pvalue="4.8e-012" evalue="2.1e-007" unerased_evalue="5.6e-007">
      <pos A="0.000000" C="0.000000" G="0.615495" T="0.384505"/>
      <pos A="0.000000" C="1.000000" G="0.000000" T="0.000000"/>
      <pos A="0.000000" C="1.000000" G="0.000000" T="0.000000"/>
      <pos A="0.000000" C="1.000000" G="0.000000" T="0.000000"/>
      <pos A="0.000000" C="1.000000" G="0.000000" T="0.000000"/>
      <pos A="0.000000" C="0.000000" G="1.000000" T="0.000000"/>
      <pos A="0.000000" C="0.579627" G="0.420373" T="0.000000"/>
      <match seq="TCCCCGC" p="125" n="634" pvalue="7.0e-007" evalue="3.1e-002"/>
      <match seq="GCCCCGG" p="139" n="730" pvalue="7.9e-007" evalue="3.4e-002"/>
      <match seq="GCCCCGC" p="141" n="749" pvalue="1.1e-006" evalue="5.0e-002"/>
      <match seq="TCCCCGG" p="99" n="571" pvalue="1.0e-003" evalue="4.6e+001"/>
    </motif>
    <motif id="m03" alt="DREME-3" seq="CSSGAC" length="6" nsites="628" p="312" n="1842" pvalue="1.0e-011" evalue="4.5e-007" unerased_evalue="1.8e-007">
      <pos A="0.000000" C="1.000000" G="0.000000" T="0.000000"/>
      <pos A="0.000000" C="0.590764" G="0.409236" T="0.000000"/>
      <pos A="0.000000" C="0.433121" G="0.566879" T="0.000000"/>
      <pos A="0.000000" C="0.000000" G="1.000000" T="0.000000"/>
      <pos A="1.000000" C="0.000000" G="0.000000" T="0.000000"/>
      <pos A="0.000000" C="1.000000" G="0.000000" T="0.000000"/>
      <match seq="CGGGAC" p="159" n="892" pvalue="3.6e-006" evalue="1.6e-001"/>
      <match seq="CCCGAC" p="169" n="970" pvalue="5.4e-006" evalue="2.3e-001"/>
      <match seq="CGCGAC" p="49" n="201" pvalue="3.8e-005" evalue="1.6e+000"/>
      <match seq="CCGGAC" p="113" n="624" pvalue="8.8e-005" evalue="3.8e+000"/>
    </motif>
    <motif id="m04" alt="DREME-4" seq="CYYCGCCC" length="8" nsites="262" p="170" n="857" pvalue="1.3e-009" evalue="5.6e-005" unerased_evalue="2.8e-007">
      <pos A="0.000000" C="1.000000" G="0.000000" T="0.000000"/>
      <pos A="0.000000" C="0.637405" G="0.000000" T="0.362595"/>
      <pos A="0.000000" C="0.660305" G="0.000000" T="0.339695"/>
      <pos A="0.000000" C="1.000000" G="0.000000" T="0.000000"/>
      <pos A="0.000000" C="0.000000" G="1.000000" T="0.000000"/>
      <pos A="0.000000" C="1.000000" G="0.000000" T="0.000000"/>
      <pos A="0.000000" C="1.000000" G="0.000000" T="0.000000"/>
      <pos A="0.000000" C="1.000000" G="0.000000" T="0.000000"/>
      <match seq="CTCCGCCC" p="68" n="298" pvalue="7.4e-006" evalue="3.2e-001"/>
      <match seq="CCTCGCCC" p="60" n="272" pvalue="6.3e-005" evalue="2.7e+000"/>
      <match seq="CCCCGCCC" p="75" n="405" pvalue="9.6e-004" evalue="4.1e+001"/>
      <match seq="CTTCGCCC" p="21" n="81" pvalue="3.5e-003" evalue="1.5e+002"/>
    </motif>
    <motif id="m05" alt="DREME-5" seq="CSGAMC" length="6" nsites="363" p="233" n="1324" pvalue="4.9e-009" evalue="2.1e-004" unerased_evalue="5.1e-006">
      <pos A="0.000000" C="1.000000" G="0.000000" T="0.000000"/>
      <pos A="0.000000" C="0.462810" G="0.537190" T="0.000000"/>
      <pos A="0.000000" C="0.000000" G="1.000000" T="0.000000"/>
      <pos A="1.000000" C="0.000000" G="0.000000" T="0.000000"/>
      <pos A="0.493113" C="0.506887" G="0.000000" T="0.000000"/>
      <pos A="0.000000" C="1.000000" G="0.000000" T="0.000000"/>
      <match seq="CGGACC" p="87" n="392" pvalue="8.8e-007" evalue="3.8e-002"/>
      <match seq="CCGAAC" p="74" n="392" pvalue="6.4e-004" evalue="2.8e+001"/>
      <match seq="CCGACC" p="80" n="449" pvalue="1.7e-003" evalue="7.5e+001"/>
      <match seq="CGGAAC" p="83" n="475" pvalue="2.3e-003" evalue="1.0e+002"/>
    </motif>
    <motif id="m06" alt="DREME-6" seq="CGYCCC" length="6" nsites="562" p="281" n="1712" pvalue="2.0e-008" evalue="8.5e-004" unerased_evalue="6.4e-004">
      <pos A="0.000000" C="1.000000" G="0.000000" T="0.000000"/>
      <pos A="0.000000" C="0.000000" G="1.000000" T="0.000000"/>
      <pos A="0.000000" C="0.654804" G="0.000000" T="0.345196"/>
      <pos A="0.000000" C="1.000000" G="0.000000" T="0.000000"/>
      <pos A="0.000000" C="1.000000" G="0.000000" T="0.000000"/>
      <pos A="0.000000" C="1.000000" G="0.000000" T="0.000000"/>
      <match seq="CGCCCC" p="212" n="1239" pvalue="4.1e-007" evalue="1.8e-002"/>
      <match seq="CGTCCC" p="154" n="892" pvalue="2.8e-005" evalue="1.2e+000"/>
    </motif>
    <motif id="m07" alt="DREME-7" seq="SCCSGA" length="6" nsites="590" p="300" n="1869" pvalue="3.0e-008" evalue="1.3e-003" unerased_evalue="3.2e-006">
      <pos A="0.000000" C="0.598305" G="0.401695" T="0.000000"/>
      <pos A="0.000000" C="1.000000" G="0.000000" T="0.000000"/>
      <pos A="0.000000" C="1.000000" G="0.000000" T="0.000000"/>
      <pos A="0.000000" C="0.506780" G="0.493220" T="0.000000"/>
      <pos A="0.000000" C="0.000000" G="1.000000" T="0.000000"/>
      <pos A="1.000000" C="0.000000" G="0.000000" T="0.000000"/>
      <match seq="CCCGGA" p="136" n="778" pvalue="6.1e-005" evalue="2.6e+000"/>
      <match seq="CCCCGA" p="140" n="819" pvalue="1.2e-004" evalue="5.1e+000"/>
      <match seq="GCCGGA" p="94" n="552" pvalue="2.3e-003" evalue="1.0e+002"/>
      <match seq="GCCCGA" p="99" n="609" pvalue="6.3e-003" evalue="2.7e+002"/>
    </motif>
    <motif id="m08" alt="DREME-8" seq="CKTCGC" length="6" nsites="151" p="123" n="616" pvalue="4.9e-007" evalue="2.0e-002" unerased_evalue="2.2e-004">
      <pos A="0.000000" C="1.000000" G="0.000000" T="0.000000"/>
      <pos A="0.000000" C="0.000000" G="0.311258" T="0.688742"/>
      <pos A="0.000000" C="0.000000" G="0.000000" T="1.000000"/>
      <pos A="0.000000" C="1.000000" G="0.000000" T="0.000000"/>
      <pos A="0.000000" C="0.000000" G="1.000000" T="0.000000"/>
      <pos A="0.000000" C="1.000000" G="0.000000" T="0.000000"/>
      <match seq="CGTCGC" p="46" n="194" pvalue="1.2e-004" evalue="4.9e+000"/>
      <match seq="CTTCGC" p="88" n="475" pvalue="3.2e-004" evalue="1.4e+001"/>
    </motif>
    <motif id="m09" alt="DREME-9" seq="CGCTGSG" length="7" nsites="154" p="127" n="654" pvalue="1.1e-006" evalue="4.8e-002" unerased_evalue="2.2e-003">
      <pos A="0.000000" C="1.000000" G="0.000000" T="0.000000"/>
      <pos A="0.000000" C="0.000000" G="1.000000" T="0.000000"/>
      <pos A="0.000000" C="1.000000" G="0.000000" T="0.000000"/>
      <pos A="0.000000" C="0.000000" G="0.000000" T="1.000000"/>
      <pos A="0.000000" C="0.000000" G="1.000000" T="0.000000"/>
      <pos A="0.000000" C="0.266234" G="0.733766" T="0.000000"/>
      <pos A="0.000000" C="0.000000" G="1.000000" T="0.000000"/>
      <match seq="CGCTGGG" p="98" n="544" pvalue="3.4e-004" evalue="1.4e+001"/>
      <match seq="CGCTGCG" p="36" n="155" pvalue="8.9e-004" evalue="3.7e+001"/>
    </motif>
  </motifs>
  <run_time cpu="4074.30" real="4074.61" stop="evalue"/>
</dreme>
