<dreme version="5.1.1" release="Wed Jan 29 15:00:42 2020 -0800">
  <model>
    <command_line>dreme -oc MSE_discordant -p enhancer_list.MSE.discordant.fasta -n enhancer_list.MSE.no_significant.fasta -dna</command_line>
    <positives name="enhancer list.MSE.discordant" count="204" file="enhancer_list.MSE.discordant.fasta" last_mod_date="Mon Jul 06 01:06:09 CST 2020" />
    <negatives name="enhancer list.MSE.no significant" count="3916" from="file" file="enhancer_list.MSE.no_significant.fasta" last_mod_date="Mon Jul 06 01:06:09 CST 2020" />
    <alphabet name="DNA" like="dna">
      <letter id="A" symbol="A" complement="T" name="Adenine" colour="CC0000"/>
      <letter id="C" symbol="C" complement="G" name="Cytosine" colour="0000CC"/>
      <letter id="G" symbol="G" complement="C" name="Guanine" colour="FFB300"/>
      <letter id="T" symbol="T" aliases="U" complement="A" name="Thymine" colour="008000"/>
      <letter id="N" symbol="N" aliases="X." equals="ACGT" name="Any base"/>
      <letter id="V" symbol="V" equals="ACG" name="Not T"/>
      <letter id="H" symbol="H" equals="ACT" name="Not G"/>
      <letter id="D" symbol="D" equals="AGT" name="Not C"/>
      <letter id="B" symbol="B" equals="CGT" name="Not A"/>
      <letter id="M" symbol="M" equals="AC" name="Amino"/>
      <letter id="R" symbol="R" equals="AG" name="Purine"/>
      <letter id="W" symbol="W" equals="AT" name="Weak"/>
      <letter id="S" symbol="S" equals="CG" name="Strong"/>
      <letter id="Y" symbol="Y" equals="CT" name="Pyrimidine"/>
      <letter id="K" symbol="K" equals="GT" name="Keto"/>
    </alphabet>
    <strands>both</strands>
    <background A="0.252" C="0.249" G="0.249" T="0.250" from="dataset"/>
    <stop evalue="0.05"/>
    <ngen>100</ngen>
    <add_pv_thresh>0.01</add_pv_thresh>
    <seed>1</seed>
    <host>bits3</host>
    <when>Mon Jul 06 01:30:38 CST 2020</when>
  </model>
  <motifs>
    <motif id="m01" alt="DREME-1" seq="CGCDGSG" length="7" nsites="220" p="106" n="1187" pvalue="3.1e-010" evalue="1.3e-005" unerased_evalue="1.3e-005">
      <pos A="0.000000" C="1.000000" G="0.000000" T="0.000000"/>
      <pos A="0.000000" C="0.000000" G="1.000000" T="0.000000"/>
      <pos A="0.000000" C="1.000000" G="0.000000" T="0.000000"/>
      <pos A="0.272727" C="0.000000" G="0.413636" T="0.313636"/>
      <pos A="0.000000" C="0.000000" G="1.000000" T="0.000000"/>
      <pos A="0.000000" C="0.250000" G="0.750000" T="0.000000"/>
      <pos A="0.000000" C="0.000000" G="1.000000" T="0.000000"/>
      <match seq="CGCGGGG" p="39" n="375" pvalue="4.2e-005" evalue="1.8e+000"/>
      <match seq="CGCGGCG" p="28" n="231" pvalue="5.5e-005" evalue="2.3e+000"/>
      <match seq="CGCTGGG" p="51" n="562" pvalue="6.9e-005" evalue="2.9e+000"/>
      <match seq="CGCAGGG" p="43" n="464" pvalue="1.9e-004" evalue="8.3e+000"/>
      <match seq="CGCAGCG" p="20" n="186" pvalue="2.6e-003" evalue="1.1e+002"/>
    </motif>
    <motif id="m02" alt="DREME-2" seq="CCCSCGC" length="7" nsites="112" p="80" n="783" pvalue="7.5e-010" evalue="3.2e-005" unerased_evalue="2.8e-005">
      <pos A="0.000000" C="1.000000" G="0.000000" T="0.000000"/>
      <pos A="0.000000" C="1.000000" G="0.000000" T="0.000000"/>
      <pos A="0.000000" C="1.000000" G="0.000000" T="0.000000"/>
      <pos A="0.000000" C="0.651786" G="0.348214" T="0.000000"/>
      <pos A="0.000000" C="1.000000" G="0.000000" T="0.000000"/>
      <pos A="0.000000" C="0.000000" G="1.000000" T="0.000000"/>
      <pos A="0.000000" C="1.000000" G="0.000000" T="0.000000"/>
      <match seq="CCCGCGC" p="32" n="213" pvalue="2.2e-007" evalue="9.4e-003"/>
      <match seq="CCCCCGC" p="61" n="667" pvalue="7.7e-006" evalue="3.2e-001"/>
    </motif>
    <motif id="m03" alt="DREME-3" seq="CGVCGC" length="6" nsites="151" p="79" n="839" pvalue="3.9e-008" evalue="1.6e-003" unerased_evalue="1.5e-003">
      <pos A="0.000000" C="1.000000" G="0.000000" T="0.000000"/>
      <pos A="0.000000" C="0.000000" G="1.000000" T="0.000000"/>
      <pos A="0.198675" C="0.417219" G="0.384106" T="0.000000"/>
      <pos A="0.000000" C="1.000000" G="0.000000" T="0.000000"/>
      <pos A="0.000000" C="0.000000" G="1.000000" T="0.000000"/>
      <pos A="0.000000" C="1.000000" G="0.000000" T="0.000000"/>
      <match seq="CGCCGC" p="47" n="495" pvalue="5.1e-005" evalue="2.1e+000"/>
      <match seq="CGGCGC" p="47" n="515" pvalue="1.3e-004" evalue="5.4e+000"/>
      <match seq="CGACGC" p="27" n="242" pvalue="2.7e-004" evalue="1.1e+001"/>
    </motif>
    <motif id="m04" alt="DREME-4" seq="GCGCAGS" length="7" nsites="59" p="48" n="414" pvalue="2.2e-007" evalue="9.3e-003" unerased_evalue="9.6e-005">
      <pos A="0.000000" C="0.000000" G="1.000000" T="0.000000"/>
      <pos A="0.000000" C="1.000000" G="0.000000" T="0.000000"/>
      <pos A="0.000000" C="0.000000" G="1.000000" T="0.000000"/>
      <pos A="0.000000" C="1.000000" G="0.000000" T="0.000000"/>
      <pos A="1.000000" C="0.000000" G="0.000000" T="0.000000"/>
      <pos A="0.000000" C="0.000000" G="1.000000" T="0.000000"/>
      <pos A="0.000000" C="0.508475" G="0.491525" T="0.000000"/>
      <match seq="GCGCAGC" p="28" n="217" pvalue="2.0e-005" evalue="8.1e-001"/>
      <match seq="GCGCAGG" p="27" n="231" pvalue="1.3e-004" evalue="5.5e+000"/>
    </motif>
    <motif id="m05" alt="DREME-5" seq="AGTYGCG" length="7" nsites="23" p="23" n="118" pvalue="2.5e-007" evalue="1.1e-002" unerased_evalue="6.0e-002">
      <pos A="1.000000" C="0.000000" G="0.000000" T="0.000000"/>
      <pos A="0.000000" C="0.000000" G="1.000000" T="0.000000"/>
      <pos A="0.000000" C="0.000000" G="0.000000" T="1.000000"/>
      <pos A="0.000000" C="0.434783" G="0.000000" T="0.565217"/>
      <pos A="0.000000" C="0.000000" G="1.000000" T="0.000000"/>
      <pos A="0.000000" C="1.000000" G="0.000000" T="0.000000"/>
      <pos A="0.000000" C="0.000000" G="1.000000" T="0.000000"/>
      <match seq="AGTTGCG" p="13" n="73" pvalue="2.6e-004" evalue="1.1e+001"/>
      <match seq="AGTCGCG" p="10" n="47" pvalue="4.0e-004" evalue="1.6e+001"/>
    </motif>
    <motif id="m06" alt="DREME-6" seq="CGCTCDCG" length="8" nsites="19" p="18" n="73" pvalue="2.9e-007" evalue="1.2e-002" unerased_evalue="5.9e-002">
      <pos A="0.000000" C="1.000000" G="0.000000" T="0.000000"/>
      <pos A="0.000000" C="0.000000" G="1.000000" T="0.000000"/>
      <pos A="0.000000" C="1.000000" G="0.000000" T="0.000000"/>
      <pos A="0.000000" C="0.000000" G="0.000000" T="1.000000"/>
      <pos A="0.000000" C="1.000000" G="0.000000" T="0.000000"/>
      <pos A="0.263158" C="0.000000" G="0.368421" T="0.368421"/>
      <pos A="0.000000" C="1.000000" G="0.000000" T="0.000000"/>
      <pos A="0.000000" C="0.000000" G="1.000000" T="0.000000"/>
      <match seq="CGCTCGCG" p="6" n="19" pvalue="1.1e-003" evalue="4.6e+001"/>
      <match seq="CGCTCTCG" p="7" n="33" pvalue="3.0e-003" evalue="1.3e+002"/>
      <match seq="CGCTCACG" p="5" n="21" pvalue="7.9e-003" evalue="3.3e+002"/>
    </motif>
    <motif id="m07" alt="DREME-7" seq="CCGGYGGC" length="8" nsites="28" p="26" n="156" pvalue="6.0e-007" evalue="2.5e-002" unerased_evalue="2.0e-001">
      <pos A="0.000000" C="1.000000" G="0.000000" T="0.000000"/>
      <pos A="0.000000" C="1.000000" G="0.000000" T="0.000000"/>
      <pos A="0.000000" C="0.000000" G="1.000000" T="0.000000"/>
      <pos A="0.000000" C="0.000000" G="1.000000" T="0.000000"/>
      <pos A="0.000000" C="0.500000" G="0.000000" T="0.500000"/>
      <pos A="0.000000" C="0.000000" G="1.000000" T="0.000000"/>
      <pos A="0.000000" C="0.000000" G="1.000000" T="0.000000"/>
      <pos A="0.000000" C="1.000000" G="0.000000" T="0.000000"/>
      <match seq="CCGGCGGC" p="13" n="74" pvalue="2.9e-004" evalue="1.2e+001"/>
      <match seq="CCGGTGGC" p="14" n="90" pvalue="5.2e-004" evalue="2.1e+001"/>
    </motif>
    <motif id="m08" alt="DREME-8" seq="CCGCRG" length="6" nsites="137" p="92" n="1128" pvalue="1.1e-006" evalue="4.7e-002" unerased_evalue="5.9e-003">
      <pos A="0.000000" C="1.000000" G="0.000000" T="0.000000"/>
      <pos A="0.000000" C="1.000000" G="0.000000" T="0.000000"/>
      <pos A="0.000000" C="0.000000" G="1.000000" T="0.000000"/>
      <pos A="0.000000" C="1.000000" G="0.000000" T="0.000000"/>
      <pos A="0.759124" C="0.000000" G="0.240876" T="0.000000"/>
      <pos A="0.000000" C="0.000000" G="1.000000" T="0.000000"/>
      <match seq="CCGCAG" p="79" n="998" pvalue="3.6e-005" evalue="1.5e+000"/>
      <match seq="CCGCGG" p="30" n="285" pvalue="3.0e-004" evalue="1.3e+001"/>
    </motif>
  </motifs>
  <run_time cpu="3124.68" real="3127.35" stop="evalue"/>
</dreme>
