<dreme version="5.1.1" release="Wed Jan 29 15:00:42 2020 -0800">
  <model>
    <command_line>dreme -oc A3SS_discordant -p enhancer_list.A3SS.discordant.fasta -n enhancer_list.A3SS.no_significant.fasta -dna</command_line>
    <positives name="enhancer list.A3SS.discordant" count="351" file="enhancer_list.A3SS.discordant.fasta" last_mod_date="Mon Jul 06 01:06:00 CST 2020" />
    <negatives name="enhancer list.A3SS.no significant" count="4273" from="file" file="enhancer_list.A3SS.no_significant.fasta" last_mod_date="Mon Jul 06 01:06:02 CST 2020" />
    <alphabet name="DNA" like="dna">
      <letter id="A" symbol="A" complement="T" name="Adenine" colour="CC0000"/>
      <letter id="C" symbol="C" complement="G" name="Cytosine" colour="0000CC"/>
      <letter id="G" symbol="G" complement="C" name="Guanine" colour="FFB300"/>
      <letter id="T" symbol="T" aliases="U" complement="A" name="Thymine" colour="008000"/>
      <letter id="N" symbol="N" aliases="X." equals="ACGT" name="Any base"/>
      <letter id="V" symbol="V" equals="ACG" name="Not T"/>
      <letter id="H" symbol="H" equals="ACT" name="Not G"/>
      <letter id="D" symbol="D" equals="AGT" name="Not C"/>
      <letter id="B" symbol="B" equals="CGT" name="Not A"/>
      <letter id="M" symbol="M" equals="AC" name="Amino"/>
      <letter id="R" symbol="R" equals="AG" name="Purine"/>
      <letter id="W" symbol="W" equals="AT" name="Weak"/>
      <letter id="S" symbol="S" equals="CG" name="Strong"/>
      <letter id="Y" symbol="Y" equals="CT" name="Pyrimidine"/>
      <letter id="K" symbol="K" equals="GT" name="Keto"/>
    </alphabet>
    <strands>both</strands>
    <background A="0.241" C="0.259" G="0.259" T="0.241" from="dataset"/>
    <stop evalue="0.05"/>
    <ngen>100</ngen>
    <add_pv_thresh>0.01</add_pv_thresh>
    <seed>1</seed>
    <host>bits3</host>
    <when>Mon Jul 06 01:30:38 CST 2020</when>
  </model>
  <motifs>
    <motif id="m01" alt="DREME-1" seq="BCTCCG" length="6" nsites="601" p="265" n="2585" pvalue="7.8e-009" evalue="3.3e-004" unerased_evalue="3.3e-004">
      <pos A="0.000000" C="0.469218" G="0.311148" T="0.219634"/>
      <pos A="0.000000" C="1.000000" G="0.000000" T="0.000000"/>
      <pos A="0.000000" C="0.000000" G="0.000000" T="1.000000"/>
      <pos A="0.000000" C="1.000000" G="0.000000" T="0.000000"/>
      <pos A="0.000000" C="1.000000" G="0.000000" T="0.000000"/>
      <pos A="0.000000" C="0.000000" G="1.000000" T="0.000000"/>
      <match seq="CCTCCG" p="177" n="1738" pvalue="2.4e-004" evalue="1.0e+001"/>
      <match seq="GCTCCG" p="135" n="1322" pvalue="2.4e-003" evalue="1.0e+002"/>
      <match seq="TCTCCG" p="104" n="1002" pvalue="6.3e-003" evalue="2.7e+002"/>
    </motif>
    <motif id="m02" alt="DREME-2" seq="CCCCGCSC" length="8" nsites="210" p="121" n="926" pvalue="9.4e-008" evalue="4.0e-003" unerased_evalue="2.9e-003">
      <pos A="0.000000" C="1.000000" G="0.000000" T="0.000000"/>
      <pos A="0.000000" C="1.000000" G="0.000000" T="0.000000"/>
      <pos A="0.000000" C="1.000000" G="0.000000" T="0.000000"/>
      <pos A="0.000000" C="1.000000" G="0.000000" T="0.000000"/>
      <pos A="0.000000" C="0.000000" G="1.000000" T="0.000000"/>
      <pos A="0.000000" C="1.000000" G="0.000000" T="0.000000"/>
      <pos A="0.000000" C="0.776190" G="0.223810" T="0.000000"/>
      <pos A="0.000000" C="1.000000" G="0.000000" T="0.000000"/>
      <match seq="CCCCGCCC" p="105" n="821" pvalue="2.8e-006" evalue="1.2e-001"/>
      <match seq="CCCCGCGC" p="32" n="210" pvalue="1.2e-003" evalue="5.0e+001"/>
    </motif>
  </motifs>
  <run_time cpu="1823.42" real="1823.92" stop="evalue"/>
</dreme>
