<dreme version="5.1.1" release="Wed Jan 29 15:00:42 2020 -0800">
  <model>
    <command_line>dreme -oc RI_concordant -p enhancer_list.RI.concordant.fasta -n enhancer_list.RI.no_significant.fasta -dna</command_line>
    <positives name="enhancer list.RI.concordant" count="1184" file="enhancer_list.RI.concordant.fasta" last_mod_date="Mon Jul 06 01:06:09 CST 2020" />
    <negatives name="enhancer list.RI.no significant" count="6132" from="file" file="enhancer_list.RI.no_significant.fasta" last_mod_date="Mon Jul 06 01:06:10 CST 2020" />
    <alphabet name="DNA" like="dna">
      <letter id="A" symbol="A" complement="T" name="Adenine" colour="CC0000"/>
      <letter id="C" symbol="C" complement="G" name="Cytosine" colour="0000CC"/>
      <letter id="G" symbol="G" complement="C" name="Guanine" colour="FFB300"/>
      <letter id="T" symbol="T" aliases="U" complement="A" name="Thymine" colour="008000"/>
      <letter id="N" symbol="N" aliases="X." equals="ACGT" name="Any base"/>
      <letter id="V" symbol="V" equals="ACG" name="Not T"/>
      <letter id="H" symbol="H" equals="ACT" name="Not G"/>
      <letter id="D" symbol="D" equals="AGT" name="Not C"/>
      <letter id="B" symbol="B" equals="CGT" name="Not A"/>
      <letter id="M" symbol="M" equals="AC" name="Amino"/>
      <letter id="R" symbol="R" equals="AG" name="Purine"/>
      <letter id="W" symbol="W" equals="AT" name="Weak"/>
      <letter id="S" symbol="S" equals="CG" name="Strong"/>
      <letter id="Y" symbol="Y" equals="CT" name="Pyrimidine"/>
      <letter id="K" symbol="K" equals="GT" name="Keto"/>
    </alphabet>
    <strands>both</strands>
    <background A="0.242" C="0.257" G="0.258" T="0.243" from="dataset"/>
    <stop evalue="0.05"/>
    <ngen>100</ngen>
    <add_pv_thresh>0.01</add_pv_thresh>
    <seed>1</seed>
    <host>bits3</host>
    <when>Mon Jul 06 01:30:42 CST 2020</when>
  </model>
  <motifs>
    <motif id="m01" alt="DREME-1" seq="SCGCCCS" length="7" nsites="1837" p="693" n="2680" pvalue="5.3e-021" evalue="2.4e-016" unerased_evalue="2.4e-016">
      <pos A="0.000000" C="0.656505" G="0.343495" T="0.000000"/>
      <pos A="0.000000" C="1.000000" G="0.000000" T="0.000000"/>
      <pos A="0.000000" C="0.000000" G="1.000000" T="0.000000"/>
      <pos A="0.000000" C="1.000000" G="0.000000" T="0.000000"/>
      <pos A="0.000000" C="1.000000" G="0.000000" T="0.000000"/>
      <pos A="0.000000" C="1.000000" G="0.000000" T="0.000000"/>
      <pos A="0.000000" C="0.646707" G="0.353293" T="0.000000"/>
      <match seq="CCGCCCC" p="452" n="1641" pvalue="4.6e-015" evalue="2.1e-010"/>
      <match seq="CCGCCCG" p="259" n="864" pvalue="3.9e-011" evalue="1.8e-006"/>
      <match seq="GCGCCCC" p="251" n="835" pvalue="6.9e-011" evalue="3.2e-006"/>
      <match seq="GCGCCCG" p="234" n="932" pvalue="7.2e-005" evalue="3.3e+000"/>
    </motif>
    <motif id="m02" alt="DREME-2" seq="BCCGCGV" length="7" nsites="898" p="422" n="1400" pvalue="1.0e-019" evalue="4.6e-015" unerased_evalue="3.7e-016">
      <pos A="0.000000" C="0.425390" G="0.394209" T="0.180401"/>
      <pos A="0.000000" C="1.000000" G="0.000000" T="0.000000"/>
      <pos A="0.000000" C="1.000000" G="0.000000" T="0.000000"/>
      <pos A="0.000000" C="0.000000" G="1.000000" T="0.000000"/>
      <pos A="0.000000" C="1.000000" G="0.000000" T="0.000000"/>
      <pos A="0.000000" C="0.000000" G="1.000000" T="0.000000"/>
      <pos A="0.188196" C="0.476615" G="0.335189" T="0.000000"/>
      <match seq="GCCGCGC" p="134" n="395" pvalue="1.4e-008" evalue="6.3e-004"/>
      <match seq="GCCGCGG" p="148" n="456" pvalue="2.4e-008" evalue="1.1e-003"/>
      <match seq="CCCGCGC" p="145" n="468" pvalue="3.5e-007" evalue="1.6e-002"/>
      <match seq="TCCGCGC" p="77" n="204" pvalue="8.3e-007" evalue="3.7e-002"/>
      <match seq="CCCGCGG" p="137" n="450" pvalue="1.7e-006" evalue="7.8e-002"/>
      <match seq="TCCGCGG" p="66" n="205" pvalue="2.7e-004" evalue="1.2e+001"/>
      <match seq="TCCGCGA" p="38" n="108" pvalue="1.5e-003" evalue="6.6e+001"/>
      <match seq="GCCGCGA" p="60" n="197" pvalue="1.5e-003" evalue="7.0e+001"/>
      <match seq="CCCGCGA" p="63" n="226" pvalue="6.5e-003" evalue="3.0e+002"/>
    </motif>
    <motif id="m03" alt="DREME-3" seq="BCSCCGG" length="7" nsites="1157" p="580" n="2245" pvalue="1.4e-015" evalue="6.3e-011" unerased_evalue="4.9e-012">
      <pos A="0.000000" C="0.324978" G="0.388073" T="0.286949"/>
      <pos A="0.000000" C="1.000000" G="0.000000" T="0.000000"/>
      <pos A="0.000000" C="0.745030" G="0.254970" T="0.000000"/>
      <pos A="0.000000" C="1.000000" G="0.000000" T="0.000000"/>
      <pos A="0.000000" C="1.000000" G="0.000000" T="0.000000"/>
      <pos A="0.000000" C="0.000000" G="1.000000" T="0.000000"/>
      <pos A="0.000000" C="0.000000" G="1.000000" T="0.000000"/>
      <match seq="GCCCCGG" p="274" n="1033" pvalue="2.8e-007" evalue="1.3e-002"/>
      <match seq="GCGCCGG" p="109" n="355" pvalue="1.6e-005" evalue="7.1e-001"/>
      <match seq="TCCCCGG" p="229" n="888" pvalue="2.0e-005" evalue="8.8e-001"/>
      <match seq="CCCCCGG" p="216" n="858" pvalue="1.3e-004" evalue="5.7e+000"/>
      <match seq="CCGCCGG" p="115" n="404" pvalue="1.4e-004" evalue="6.1e+000"/>
      <match seq="TCGCCGG" p="54" n="164" pvalue="6.1e-004" evalue="2.7e+001"/>
    </motif>
    <motif id="m04" alt="DREME-4" seq="CGMCSC" length="6" nsites="1112" p="573" n="2334" pvalue="2.5e-011" evalue="1.1e-006" unerased_evalue="1.2e-011">
      <pos A="0.000000" C="1.000000" G="0.000000" T="0.000000"/>
      <pos A="0.000000" C="0.000000" G="1.000000" T="0.000000"/>
      <pos A="0.455935" C="0.544065" G="0.000000" T="0.000000"/>
      <pos A="0.000000" C="1.000000" G="0.000000" T="0.000000"/>
      <pos A="0.000000" C="0.660072" G="0.339928" T="0.000000"/>
      <pos A="0.000000" C="1.000000" G="0.000000" T="0.000000"/>
      <match seq="CGACCC" p="305" n="1148" pvalue="3.7e-008" evalue="1.6e-003"/>
      <match seq="CGCCCC" p="260" n="1055" pvalue="7.7e-005" evalue="3.4e+000"/>
      <match seq="CGCCGC" p="203" n="802" pvalue="1.6e-004" evalue="7.3e+000"/>
      <match seq="CGACGC" p="101" n="389" pvalue="4.4e-003" evalue="1.9e+002"/>
    </motif>
    <motif id="m05" alt="DREME-5" seq="CDCGCG" length="6" nsites="389" p="292" n="1071" pvalue="9.5e-009" evalue="4.2e-004" unerased_evalue="5.2e-009">
      <pos A="0.000000" C="1.000000" G="0.000000" T="0.000000"/>
      <pos A="0.526992" C="0.000000" G="0.143959" T="0.329049"/>
      <pos A="0.000000" C="1.000000" G="0.000000" T="0.000000"/>
      <pos A="0.000000" C="0.000000" G="1.000000" T="0.000000"/>
      <pos A="0.000000" C="1.000000" G="0.000000" T="0.000000"/>
      <pos A="0.000000" C="0.000000" G="1.000000" T="0.000000"/>
      <match seq="CTCGCG" p="124" n="397" pvalue="2.0e-006" evalue="8.6e-002"/>
      <match seq="CACGCG" p="184" n="725" pvalue="3.1e-004" evalue="1.4e+001"/>
      <match seq="CGCGCG" p="60" n="188" pvalue="6.0e-004" evalue="2.6e+001"/>
    </motif>
    <motif id="m06" alt="DREME-6" seq="CGGSYCC" length="7" nsites="842" p="499" n="2068" pvalue="2.3e-008" evalue="9.8e-004" unerased_evalue="3.6e-006">
      <pos A="0.000000" C="1.000000" G="0.000000" T="0.000000"/>
      <pos A="0.000000" C="0.000000" G="1.000000" T="0.000000"/>
      <pos A="0.000000" C="0.000000" G="1.000000" T="0.000000"/>
      <pos A="0.000000" C="0.574822" G="0.425178" T="0.000000"/>
      <pos A="0.000000" C="0.590261" G="0.000000" T="0.409739"/>
      <pos A="0.000000" C="1.000000" G="0.000000" T="0.000000"/>
      <pos A="0.000000" C="1.000000" G="0.000000" T="0.000000"/>
      <match seq="CGGGCCC" p="186" n="732" pvalue="2.7e-004" evalue="1.2e+001"/>
      <match seq="CGGCCCC" p="223" n="932" pvalue="1.2e-003" evalue="5.1e+001"/>
      <match seq="CGGGTCC" p="120" n="457" pvalue="1.4e-003" evalue="6.0e+001"/>
      <match seq="CGGCTCC" p="173" n="734" pvalue="7.4e-003" evalue="3.2e+002"/>
    </motif>
    <motif id="m07" alt="DREME-7" seq="CCGYCC" length="6" nsites="1036" p="586" n="2567" pvalue="7.7e-007" evalue="3.3e-002" unerased_evalue="8.1e-011">
      <pos A="0.000000" C="1.000000" G="0.000000" T="0.000000"/>
      <pos A="0.000000" C="1.000000" G="0.000000" T="0.000000"/>
      <pos A="0.000000" C="0.000000" G="1.000000" T="0.000000"/>
      <pos A="0.000000" C="0.549228" G="0.000000" T="0.450772"/>
      <pos A="0.000000" C="1.000000" G="0.000000" T="0.000000"/>
      <pos A="0.000000" C="1.000000" G="0.000000" T="0.000000"/>
      <match seq="CCGCCC" p="400" n="1699" pvalue="1.7e-005" evalue="7.3e-001"/>
      <match seq="CCGTCC" p="340" n="1501" pvalue="1.3e-003" evalue="5.7e+001"/>
    </motif>
    <motif id="m08" alt="DREME-8" seq="CCGSA" length="5" nsites="2487" p="898" n="4231" pvalue="1.0e-006" evalue="4.4e-002" unerased_evalue="9.0e-004">
      <pos A="0.000000" C="1.000000" G="0.000000" T="0.000000"/>
      <pos A="0.000000" C="1.000000" G="0.000000" T="0.000000"/>
      <pos A="0.000000" C="0.000000" G="1.000000" T="0.000000"/>
      <pos A="0.000000" C="0.581423" G="0.418577" T="0.000000"/>
      <pos A="1.000000" C="0.000000" G="0.000000" T="0.000000"/>
      <match seq="CCGGA" p="610" n="2771" pvalue="3.7e-005" evalue="1.6e+000"/>
      <match seq="CCGCA" p="711" n="3382" pvalue="1.0e-003" evalue="4.4e+001"/>
    </motif>
  </motifs>
  <run_time cpu="8081.33" real="8082.02" stop="evalue"/>
</dreme>
