<dreme version="5.1.1" release="Wed Jan 29 15:00:42 2020 -0800">
  <model>
    <command_line>dreme -oc AFE_concordant -p enhancer_list.AFE.concordant.fasta -n enhancer_list.AFE.no_significant.fasta -dna</command_line>
    <positives name="enhancer list.AFE.concordant" count="4356" file="enhancer_list.AFE.concordant.fasta" last_mod_date="Mon Jul 06 01:06:05 CST 2020" />
    <negatives name="enhancer list.AFE.no significant" count="14041" from="file" file="enhancer_list.AFE.no_significant.fasta" last_mod_date="Mon Jul 06 01:06:06 CST 2020" />
    <alphabet name="DNA" like="dna">
      <letter id="A" symbol="A" complement="T" name="Adenine" colour="CC0000"/>
      <letter id="C" symbol="C" complement="G" name="Cytosine" colour="0000CC"/>
      <letter id="G" symbol="G" complement="C" name="Guanine" colour="FFB300"/>
      <letter id="T" symbol="T" aliases="U" complement="A" name="Thymine" colour="008000"/>
      <letter id="N" symbol="N" aliases="X." equals="ACGT" name="Any base"/>
      <letter id="V" symbol="V" equals="ACG" name="Not T"/>
      <letter id="H" symbol="H" equals="ACT" name="Not G"/>
      <letter id="D" symbol="D" equals="AGT" name="Not C"/>
      <letter id="B" symbol="B" equals="CGT" name="Not A"/>
      <letter id="M" symbol="M" equals="AC" name="Amino"/>
      <letter id="R" symbol="R" equals="AG" name="Purine"/>
      <letter id="W" symbol="W" equals="AT" name="Weak"/>
      <letter id="S" symbol="S" equals="CG" name="Strong"/>
      <letter id="Y" symbol="Y" equals="CT" name="Pyrimidine"/>
      <letter id="K" symbol="K" equals="GT" name="Keto"/>
    </alphabet>
    <strands>both</strands>
    <background A="0.251" C="0.248" G="0.249" T="0.252" from="dataset"/>
    <stop evalue="0.05"/>
    <ngen>100</ngen>
    <add_pv_thresh>0.01</add_pv_thresh>
    <seed>1</seed>
    <host>bits6</host>
    <when>Mon Jul 06 01:30:48 CST 2020</when>
  </model>
  <motifs>
    <motif id="m01" alt="DREME-1" seq="CGSCCCB" length="7" nsites="6152" p="2964" n="8048" pvalue="2.2e-037" evalue="1.0e-032" unerased_evalue="3.6e-020">
      <pos A="0.000000" C="1.000000" G="0.000000" T="0.000000"/>
      <pos A="0.000000" C="0.000000" G="1.000000" T="0.000000"/>
      <pos A="0.000000" C="0.572009" G="0.427991" T="0.000000"/>
      <pos A="0.000000" C="1.000000" G="0.000000" T="0.000000"/>
      <pos A="0.000000" C="1.000000" G="0.000000" T="0.000000"/>
      <pos A="0.000000" C="1.000000" G="0.000000" T="0.000000"/>
      <pos A="0.000000" C="0.483257" G="0.230494" T="0.286248"/>
      <match seq="CGCCCCC" p="1039" n="2502" pvalue="2.8e-018" evalue="1.3e-013"/>
      <match seq="CGGCCCC" p="974" n="2463" pvalue="1.3e-012" evalue="6.3e-008"/>
      <match seq="CGCCCCT" p="784" n="1917" pvalue="2.2e-012" evalue="1.1e-007"/>
      <match seq="CGGCCCG" p="453" n="1005" pvalue="1.1e-011" evalue="5.1e-007"/>
      <match seq="CGCCCCG" p="618" n="1469" pvalue="2.1e-011" evalue="9.9e-007"/>
      <match seq="CGGCCCT" p="623" n="1719" pvalue="2.3e-004" evalue="1.1e+001"/>
    </motif>
    <motif id="m02" alt="DREME-2" seq="BCGCG" length="5" nsites="5882" p="3113" n="8635" pvalue="5.6e-034" evalue="2.7e-029" unerased_evalue="9.3e-020">
      <pos A="0.000000" C="0.451887" G="0.365862" T="0.182251"/>
      <pos A="0.000000" C="1.000000" G="0.000000" T="0.000000"/>
      <pos A="0.000000" C="0.000000" G="1.000000" T="0.000000"/>
      <pos A="0.000000" C="1.000000" G="0.000000" T="0.000000"/>
      <pos A="0.000000" C="0.000000" G="1.000000" T="0.000000"/>
      <match seq="CCGCG" p="1676" n="4262" pvalue="2.1e-023" evalue="1.0e-018"/>
      <match seq="GCGCG" p="1605" n="4244" pvalue="2.6e-016" evalue="1.2e-011"/>
      <match seq="TCGCG" p="1156" n="2917" pvalue="1.8e-015" evalue="8.6e-011"/>
    </motif>
    <motif id="m03" alt="DREME-3" seq="CSCCSG" length="6" nsites="7920" p="2801" n="7726" pvalue="8.7e-028" evalue="4.0e-023" unerased_evalue="3.8e-023">
      <pos A="0.000000" C="1.000000" G="0.000000" T="0.000000"/>
      <pos A="0.000000" C="0.619697" G="0.380303" T="0.000000"/>
      <pos A="0.000000" C="1.000000" G="0.000000" T="0.000000"/>
      <pos A="0.000000" C="1.000000" G="0.000000" T="0.000000"/>
      <pos A="0.000000" C="0.545833" G="0.454167" T="0.000000"/>
      <pos A="0.000000" C="0.000000" G="1.000000" T="0.000000"/>
      <match seq="CCCCGG" p="1769" n="4589" pvalue="8.9e-022" evalue="4.1e-017"/>
      <match seq="CCCCCG" p="1645" n="4303" pvalue="2.0e-018" evalue="9.2e-014"/>
      <match seq="CGCCGG" p="781" n="1784" pvalue="1.3e-017" evalue="5.8e-013"/>
      <match seq="CGCCCG" p="1258" n="3377" pvalue="1.2e-010" evalue="5.7e-006"/>
    </motif>
    <motif id="m04" alt="DREME-4" seq="CGCCSY" length="6" nsites="4173" p="2117" n="5671" pvalue="7.7e-022" evalue="3.5e-017" unerased_evalue="3.1e-022">
      <pos A="0.000000" C="1.000000" G="0.000000" T="0.000000"/>
      <pos A="0.000000" C="0.000000" G="1.000000" T="0.000000"/>
      <pos A="0.000000" C="1.000000" G="0.000000" T="0.000000"/>
      <pos A="0.000000" C="1.000000" G="0.000000" T="0.000000"/>
      <pos A="0.000000" C="0.680566" G="0.319434" T="0.000000"/>
      <pos A="0.000000" C="0.382938" G="0.000000" T="0.617062"/>
      <match seq="CGCCCT" p="1448" n="3845" pvalue="8.4e-014" evalue="3.8e-009"/>
      <match seq="CGCCGC" p="622" n="1493" pvalue="6.5e-011" evalue="3.0e-006"/>
      <match seq="CGCCCC" p="668" n="1731" pvalue="2.3e-007" evalue="1.0e-002"/>
      <match seq="CGCCGT" p="459" n="1135" pvalue="4.7e-007" evalue="2.1e-002"/>
    </motif>
    <motif id="m05" alt="DREME-5" seq="CGGDSC" length="6" nsites="7316" p="2896" n="8286" pvalue="3.8e-019" evalue="1.7e-014" unerased_evalue="6.9e-018">
      <pos A="0.000000" C="1.000000" G="0.000000" T="0.000000"/>
      <pos A="0.000000" C="0.000000" G="1.000000" T="0.000000"/>
      <pos A="0.000000" C="0.000000" G="1.000000" T="0.000000"/>
      <pos A="0.307682" C="0.000000" G="0.432340" T="0.259978"/>
      <pos A="0.000000" C="0.429060" G="0.570940" T="0.000000"/>
      <pos A="0.000000" C="1.000000" G="0.000000" T="0.000000"/>
      <match seq="CGGTCC" p="775" n="2007" pvalue="1.7e-008" evalue="7.5e-004"/>
      <match seq="CGGGGC" p="1147" n="3143" pvalue="5.4e-008" evalue="2.4e-003"/>
      <match seq="CGGGCC" p="1195" n="3347" pvalue="1.0e-006" evalue="4.5e-002"/>
      <match seq="CGGAGC" p="1218" n="3420" pvalue="1.1e-006" evalue="5.0e-002"/>
      <match seq="CGGACC" p="610" n="1591" pvalue="1.6e-006" evalue="7.4e-002"/>
      <match seq="CGGTGC" p="884" n="2429" pvalue="4.8e-006" evalue="2.1e-001"/>
    </motif>
    <motif id="m06" alt="DREME-6" seq="KCGGGK" length="6" nsites="4324" p="2397" n="6710" pvalue="3.9e-017" evalue="1.7e-012" unerased_evalue="3.2e-018">
      <pos A="0.000000" C="0.000000" G="0.579325" T="0.420675"/>
      <pos A="0.000000" C="1.000000" G="0.000000" T="0.000000"/>
      <pos A="0.000000" C="0.000000" G="1.000000" T="0.000000"/>
      <pos A="0.000000" C="0.000000" G="1.000000" T="0.000000"/>
      <pos A="0.000000" C="0.000000" G="1.000000" T="0.000000"/>
      <pos A="0.000000" C="0.000000" G="0.480342" T="0.519658"/>
      <match seq="TCGGGG" p="793" n="2065" pvalue="2.3e-008" evalue="1.0e-003"/>
      <match seq="GCGGGG" p="916" n="2440" pvalue="4.1e-008" evalue="1.8e-003"/>
      <match seq="GCGGGT" p="1107" n="3063" pvalue="5.0e-007" evalue="2.2e-002"/>
      <match seq="TCGGGT" p="757" n="2165" pvalue="1.2e-003" evalue="5.2e+001"/>
    </motif>
    <motif id="m07" alt="DREME-7" seq="CGGMBG" length="6" nsites="5758" p="2721" n="7785" pvalue="1.2e-016" evalue="5.4e-012" unerased_evalue="3.5e-013">
      <pos A="0.000000" C="1.000000" G="0.000000" T="0.000000"/>
      <pos A="0.000000" C="0.000000" G="1.000000" T="0.000000"/>
      <pos A="0.000000" C="0.000000" G="1.000000" T="0.000000"/>
      <pos A="0.601250" C="0.398750" G="0.000000" T="0.000000"/>
      <pos A="0.000000" C="0.134422" G="0.432789" T="0.432789"/>
      <pos A="0.000000" C="0.000000" G="1.000000" T="0.000000"/>
      <match seq="CGGCCG" p="393" n="900" pvalue="5.7e-009" evalue="2.5e-004"/>
      <match seq="CGGAGG" p="1674" n="4768" pvalue="4.1e-008" evalue="1.8e-003"/>
      <match seq="CGGCTG" p="1287" n="3623" pvalue="7.0e-007" evalue="3.1e-002"/>
      <match seq="CGGACG" p="307" n="739" pvalue="8.1e-006" evalue="3.6e-001"/>
      <match seq="CGGATG" p="663" n="1854" pvalue="4.4e-004" evalue="1.9e+001"/>
      <match seq="CGGCGG" p="108" n="261" pvalue="7.3e-003" evalue="3.2e+002"/>
    </motif>
    <motif id="m08" alt="DREME-8" seq="GCGBCY" length="6" nsites="4932" p="2507" n="7193" pvalue="1.4e-013" evalue="6.3e-009" unerased_evalue="1.8e-014">
      <pos A="0.000000" C="0.000000" G="1.000000" T="0.000000"/>
      <pos A="0.000000" C="1.000000" G="0.000000" T="0.000000"/>
      <pos A="0.000000" C="0.000000" G="1.000000" T="0.000000"/>
      <pos A="0.000000" C="0.356448" G="0.300487" T="0.343066"/>
      <pos A="0.000000" C="1.000000" G="0.000000" T="0.000000"/>
      <pos A="0.000000" C="0.433698" G="0.000000" T="0.566302"/>
      <match seq="GCGCCT" p="1094" n="3034" pvalue="8.6e-007" evalue="3.7e-002"/>
      <match seq="GCGGCC" p="730" n="1937" pvalue="9.4e-007" evalue="4.1e-002"/>
      <match seq="GCGTCC" p="698" n="1906" pvalue="3.4e-005" evalue="1.5e+000"/>
      <match seq="GCGTCT" p="741" n="2049" pvalue="6.6e-005" evalue="2.8e+000"/>
      <match seq="GCGGCT" p="553" n="1532" pvalue="7.2e-004" evalue="3.1e+001"/>
      <match seq="GCGCCC" p="455" n="1263" pvalue="2.4e-003" evalue="1.1e+002"/>
    </motif>
    <motif id="m09" alt="DREME-9" seq="SCGGRA" length="6" nsites="4971" p="2583" n="7440" pvalue="1.4e-013" evalue="5.9e-009" unerased_evalue="2.1e-012">
      <pos A="0.000000" C="0.545162" G="0.454838" T="0.000000"/>
      <pos A="0.000000" C="1.000000" G="0.000000" T="0.000000"/>
      <pos A="0.000000" C="0.000000" G="1.000000" T="0.000000"/>
      <pos A="0.000000" C="0.000000" G="1.000000" T="0.000000"/>
      <pos A="0.264132" C="0.000000" G="0.735868" T="0.000000"/>
      <pos A="1.000000" C="0.000000" G="0.000000" T="0.000000"/>
      <match seq="GCGGGA" p="1223" n="3332" pvalue="5.0e-009" evalue="2.1e-004"/>
      <match seq="CCGGGA" p="1495" n="4244" pvalue="2.2e-007" evalue="9.6e-003"/>
      <match seq="CCGGAA" p="647" n="1773" pvalue="9.6e-005" evalue="4.1e+000"/>
      <match seq="GCGGAA" p="573" n="1632" pvalue="3.8e-003" evalue="1.6e+002"/>
    </motif>
    <motif id="m10" alt="DREME-10" seq="CCWCGS" length="6" nsites="6858" p="3020" n="8931" pvalue="1.8e-012" evalue="7.9e-008" unerased_evalue="3.1e-012">
      <pos A="0.000000" C="1.000000" G="0.000000" T="0.000000"/>
      <pos A="0.000000" C="1.000000" G="0.000000" T="0.000000"/>
      <pos A="0.503500" C="0.000000" G="0.000000" T="0.496500"/>
      <pos A="0.000000" C="1.000000" G="0.000000" T="0.000000"/>
      <pos A="0.000000" C="0.000000" G="1.000000" T="0.000000"/>
      <pos A="0.000000" C="0.492418" G="0.507582" T="0.000000"/>
      <match seq="CCTCGG" p="1568" n="4494" pvalue="6.1e-007" evalue="2.6e-002"/>
      <match seq="CCTCGC" p="1057" n="2916" pvalue="6.6e-007" evalue="2.8e-002"/>
      <match seq="CCACGC" p="1527" n="4443" pvalue="1.6e-005" evalue="6.6e-001"/>
      <match seq="CCACGG" p="1088" n="3083" pvalue="2.0e-005" evalue="8.5e-001"/>
    </motif>
    <motif id="m11" alt="DREME-11" seq="CGRCS" length="5" nsites="5597" p="2706" n="7881" pvalue="1.3e-012" evalue="5.4e-008" unerased_evalue="1.4e-009">
      <pos A="0.000000" C="1.000000" G="0.000000" T="0.000000"/>
      <pos A="0.000000" C="0.000000" G="1.000000" T="0.000000"/>
      <pos A="0.485975" C="0.000000" G="0.514025" T="0.000000"/>
      <pos A="0.000000" C="1.000000" G="0.000000" T="0.000000"/>
      <pos A="0.000000" C="0.846168" G="0.153832" T="0.000000"/>
      <match seq="CGGCC" p="1838" n="5249" pvalue="7.5e-009" evalue="3.1e-004"/>
      <match seq="CGACG" p="597" n="1492" pvalue="2.3e-008" evalue="9.6e-004"/>
      <match seq="CGACC" p="1482" n="4252" pvalue="2.0e-006" evalue="8.4e-002"/>
      <match seq="CGGCG" p="174" n="427" pvalue="1.4e-003" evalue="6.0e+001"/>
    </motif>
    <motif id="m12" alt="DREME-12" seq="CCCHCCC" length="7" nsites="7359" p="2960" n="8835" pvalue="6.7e-010" evalue="2.8e-005" unerased_evalue="9.0e-009">
      <pos A="0.000000" C="1.000000" G="0.000000" T="0.000000"/>
      <pos A="0.000000" C="1.000000" G="0.000000" T="0.000000"/>
      <pos A="0.000000" C="1.000000" G="0.000000" T="0.000000"/>
      <pos A="0.439734" C="0.060198" G="0.000000" T="0.500068"/>
      <pos A="0.000000" C="1.000000" G="0.000000" T="0.000000"/>
      <pos A="0.000000" C="1.000000" G="0.000000" T="0.000000"/>
      <pos A="0.000000" C="1.000000" G="0.000000" T="0.000000"/>
      <match seq="CCCTCCC" p="2151" n="6287" pvalue="5.6e-008" evalue="2.3e-003"/>
      <match seq="CCCACCC" p="1975" n="5874" pvalue="2.4e-005" evalue="1.0e+000"/>
      <match seq="CCCCCCC" p="396" n="1114" pvalue="8.7e-003" evalue="3.6e+002"/>
    </motif>
    <motif id="m13" alt="DREME-13" seq="GCCCSY" length="6" nsites="10465" p="3403" n="10357" pvalue="2.8e-009" evalue="1.1e-004" unerased_evalue="2.9e-008">
      <pos A="0.000000" C="0.000000" G="1.000000" T="0.000000"/>
      <pos A="0.000000" C="1.000000" G="0.000000" T="0.000000"/>
      <pos A="0.000000" C="1.000000" G="0.000000" T="0.000000"/>
      <pos A="0.000000" C="1.000000" G="0.000000" T="0.000000"/>
      <pos A="0.000000" C="0.857621" G="0.142379" T="0.000000"/>
      <pos A="0.000000" C="0.443765" G="0.000000" T="0.556235"/>
      <match seq="GCCCCC" p="2128" n="6261" pvalue="4.5e-007" evalue="1.9e-002"/>
      <match seq="GCCCCT" p="2551" n="7734" pvalue="2.8e-005" evalue="1.1e+000"/>
      <match seq="GCCCGC" p="754" n="2135" pvalue="5.1e-004" evalue="2.1e+001"/>
      <match seq="GCCCGT" p="542" n="1543" pvalue="4.7e-003" evalue="1.9e+002"/>
    </motif>
    <motif id="m14" alt="DREME-14" seq="MCCCCY" length="6" nsites="8974" p="3377" n="10297" pvalue="1.3e-008" evalue="5.3e-004" unerased_evalue="1.1e-003">
      <pos A="0.689213" C="0.310787" G="0.000000" T="0.000000"/>
      <pos A="0.000000" C="1.000000" G="0.000000" T="0.000000"/>
      <pos A="0.000000" C="1.000000" G="0.000000" T="0.000000"/>
      <pos A="0.000000" C="1.000000" G="0.000000" T="0.000000"/>
      <pos A="0.000000" C="1.000000" G="0.000000" T="0.000000"/>
      <pos A="0.000000" C="0.344774" G="0.000000" T="0.655226"/>
      <match seq="ACCCCC" p="2005" n="5921" pvalue="3.9e-006" evalue="1.6e-001"/>
      <match seq="CCCCCT" p="1869" n="5499" pvalue="6.0e-006" evalue="2.5e-001"/>
      <match seq="ACCCCT" p="2302" n="7025" pvalue="6.2e-004" evalue="2.5e+001"/>
      <match seq="CCCCCC" p="880" n="2595" pvalue="6.2e-003" evalue="2.5e+002"/>
    </motif>
    <motif id="m15" alt="DREME-15" seq="CGCWGS" length="6" nsites="3530" p="2106" n="6151" pvalue="8.1e-008" evalue="3.3e-003" unerased_evalue="2.2e-010">
      <pos A="0.000000" C="1.000000" G="0.000000" T="0.000000"/>
      <pos A="0.000000" C="0.000000" G="1.000000" T="0.000000"/>
      <pos A="0.000000" C="1.000000" G="0.000000" T="0.000000"/>
      <pos A="0.487535" C="0.000000" G="0.000000" T="0.512465"/>
      <pos A="0.000000" C="0.000000" G="1.000000" T="0.000000"/>
      <pos A="0.000000" C="0.457507" G="0.542493" T="0.000000"/>
      <match seq="CGCAGG" p="780" n="2203" pvalue="3.2e-004" evalue="1.3e+001"/>
      <match seq="CGCTGG" p="847" n="2422" pvalue="5.5e-004" evalue="2.2e+001"/>
      <match seq="CGCAGC" p="719" n="2035" pvalue="6.8e-004" evalue="2.8e+001"/>
      <match seq="CGCTGC" p="751" n="2180" pvalue="3.9e-003" evalue="1.6e+002"/>
    </motif>
    <motif id="m16" alt="DREME-16" seq="GRGGAGS" length="7" nsites="6447" p="2898" n="8753" pvalue="2.6e-007" evalue="1.1e-002" unerased_evalue="1.0e-009">
      <pos A="0.000000" C="0.000000" G="1.000000" T="0.000000"/>
      <pos A="0.584303" C="0.000000" G="0.415697" T="0.000000"/>
      <pos A="0.000000" C="0.000000" G="1.000000" T="0.000000"/>
      <pos A="0.000000" C="0.000000" G="1.000000" T="0.000000"/>
      <pos A="1.000000" C="0.000000" G="0.000000" T="0.000000"/>
      <pos A="0.000000" C="0.000000" G="1.000000" T="0.000000"/>
      <pos A="0.000000" C="0.370405" G="0.629595" T="0.000000"/>
      <match seq="GAGGAGC" p="1105" n="3220" pvalue="5.3e-004" evalue="2.1e+001"/>
      <match seq="GAGGAGG" p="1724" n="5194" pvalue="1.1e-003" evalue="4.5e+001"/>
      <match seq="GGGGAGG" p="1306" n="3881" pvalue="1.5e-003" evalue="6.0e+001"/>
      <match seq="GGGGAGC" p="882" n="2571" pvalue="2.4e-003" evalue="9.6e+001"/>
    </motif>
  </motifs>
  <run_time cpu="26658.28" real="26659.20" stop="evalue"/>
</dreme>
