<dreme version="5.1.1" release="Wed Jan 29 15:00:42 2020 -0800">
  <model>
    <command_line>dreme -oc ATTS_concordant -p enhancer_list.ATTS.concordant.fasta -n enhancer_list.ATTS.no_significant.fasta -dna</command_line>
    <positives name="enhancer list.ATTS.concordant" count="2856" file="enhancer_list.ATTS.concordant.fasta" last_mod_date="Mon Jul 06 01:06:08 CST 2020" />
    <negatives name="enhancer list.ATTS.no significant" count="29635" from="file" file="enhancer_list.ATTS.no_significant.fasta" last_mod_date="Mon Jul 06 01:06:09 CST 2020" />
    <alphabet name="DNA" like="dna">
      <letter id="A" symbol="A" complement="T" name="Adenine" colour="CC0000"/>
      <letter id="C" symbol="C" complement="G" name="Cytosine" colour="0000CC"/>
      <letter id="G" symbol="G" complement="C" name="Guanine" colour="FFB300"/>
      <letter id="T" symbol="T" aliases="U" complement="A" name="Thymine" colour="008000"/>
      <letter id="N" symbol="N" aliases="X." equals="ACGT" name="Any base"/>
      <letter id="V" symbol="V" equals="ACG" name="Not T"/>
      <letter id="H" symbol="H" equals="ACT" name="Not G"/>
      <letter id="D" symbol="D" equals="AGT" name="Not C"/>
      <letter id="B" symbol="B" equals="CGT" name="Not A"/>
      <letter id="M" symbol="M" equals="AC" name="Amino"/>
      <letter id="R" symbol="R" equals="AG" name="Purine"/>
      <letter id="W" symbol="W" equals="AT" name="Weak"/>
      <letter id="S" symbol="S" equals="CG" name="Strong"/>
      <letter id="Y" symbol="Y" equals="CT" name="Pyrimidine"/>
      <letter id="K" symbol="K" equals="GT" name="Keto"/>
    </alphabet>
    <strands>both</strands>
    <background A="0.256" C="0.243" G="0.244" T="0.257" from="dataset"/>
    <stop evalue="0.05"/>
    <ngen>100</ngen>
    <add_pv_thresh>0.01</add_pv_thresh>
    <seed>1</seed>
    <host>bits3</host>
    <when>Mon Jul 06 01:31:24 CST 2020</when>
  </model>
  <motifs>
    <motif id="m01" alt="DREME-1" seq="CGCBCCB" length="7" nsites="4834" p="2208" n="17120" pvalue="3.1e-098" evalue="1.5e-093" unerased_evalue="3.3e-064">
      <pos A="0.000000" C="1.000000" G="0.000000" T="0.000000"/>
      <pos A="0.000000" C="0.000000" G="1.000000" T="0.000000"/>
      <pos A="0.000000" C="1.000000" G="0.000000" T="0.000000"/>
      <pos A="0.000000" C="0.520066" G="0.253620" T="0.226314"/>
      <pos A="0.000000" C="1.000000" G="0.000000" T="0.000000"/>
      <pos A="0.000000" C="1.000000" G="0.000000" T="0.000000"/>
      <pos A="0.000000" C="0.487174" G="0.226934" T="0.285892"/>
      <match seq="CGCCCCC" p="773" n="4630" pvalue="1.7e-049" evalue="8.4e-045"/>
      <match seq="CGCCCCG" p="481" n="2649" pvalue="1.1e-036" evalue="5.1e-032"/>
      <match seq="CGCGCCC" p="543" n="3331" pvalue="9.8e-031" evalue="4.8e-026"/>
      <match seq="CGCCCCT" p="572" n="3575" pvalue="1.2e-030" evalue="5.9e-026"/>
      <match seq="CGCGCCG" p="229" n="1142" pvalue="7.4e-022" evalue="3.6e-017"/>
      <match seq="CGCTCCC" p="471" n="3237" pvalue="1.1e-017" evalue="5.5e-013"/>
      <match seq="CGCTCCG" p="187" n="1090" pvalue="2.0e-012" evalue="9.9e-008"/>
      <match seq="CGCGCCT" p="286" n="2074" pvalue="8.7e-009" evalue="4.2e-004"/>
      <match seq="CGCTCCT" p="303" n="2435" pvalue="1.2e-005" evalue="5.6e-001"/>
    </motif>
    <motif id="m02" alt="DREME-2" seq="CSCCGS" length="6" nsites="6324" p="2298" n="18842" pvalue="1.5e-079" evalue="7.3e-075" unerased_evalue="1.3e-062">
      <pos A="0.000000" C="1.000000" G="0.000000" T="0.000000"/>
      <pos A="0.000000" C="0.749526" G="0.250474" T="0.000000"/>
      <pos A="0.000000" C="1.000000" G="0.000000" T="0.000000"/>
      <pos A="0.000000" C="1.000000" G="0.000000" T="0.000000"/>
      <pos A="0.000000" C="0.000000" G="1.000000" T="0.000000"/>
      <pos A="0.000000" C="0.534946" G="0.465054" T="0.000000"/>
      <match seq="CCCCGC" p="1303" n="9633" pvalue="5.4e-044" evalue="2.6e-039"/>
      <match seq="CCCCGG" p="1229" n="9106" pvalue="7.2e-040" evalue="3.5e-035"/>
      <match seq="CGCCGC" p="583" n="3444" pvalue="2.7e-037" evalue="1.3e-032"/>
      <match seq="CGCCGG" p="591" n="3513" pvalue="3.6e-037" evalue="1.7e-032"/>
    </motif>
    <motif id="m03" alt="DREME-3" seq="BYCGCG" length="6" nsites="1944" p="1018" n="6294" pvalue="3.2e-063" evalue="1.5e-058" unerased_evalue="5.0e-075">
      <pos A="0.000000" C="0.397119" G="0.372942" T="0.229938"/>
      <pos A="0.000000" C="0.687243" G="0.000000" T="0.312757"/>
      <pos A="0.000000" C="1.000000" G="0.000000" T="0.000000"/>
      <pos A="0.000000" C="0.000000" G="1.000000" T="0.000000"/>
      <pos A="0.000000" C="1.000000" G="0.000000" T="0.000000"/>
      <pos A="0.000000" C="0.000000" G="1.000000" T="0.000000"/>
      <match seq="CCCGCG" p="457" n="2526" pvalue="2.0e-034" evalue="9.4e-030"/>
      <match seq="GCCGCG" p="479" n="2741" pvalue="5.7e-033" evalue="2.7e-028"/>
      <match seq="CTCGCG" p="324" n="1852" pvalue="4.3e-022" evalue="2.0e-017"/>
      <match seq="TCCGCG" p="335" n="1940" pvalue="4.9e-022" evalue="2.3e-017"/>
      <match seq="GTCGCG" p="218" n="1260" pvalue="1.3e-014" evalue="5.9e-010"/>
      <match seq="TTCGCG" p="158" n="874" pvalue="3.5e-012" evalue="1.6e-007"/>
    </motif>
    <motif id="m04" alt="DREME-4" seq="CGSBCS" length="6" nsites="6346" p="2081" n="17346" pvalue="9.5e-053" evalue="4.4e-048" unerased_evalue="6.6e-054">
      <pos A="0.000000" C="1.000000" G="0.000000" T="0.000000"/>
      <pos A="0.000000" C="0.000000" G="1.000000" T="0.000000"/>
      <pos A="0.000000" C="0.301135" G="0.698865" T="0.000000"/>
      <pos A="0.000000" C="0.432083" G="0.349827" T="0.218090"/>
      <pos A="0.000000" C="1.000000" G="0.000000" T="0.000000"/>
      <pos A="0.000000" C="0.679798" G="0.320202" T="0.000000"/>
      <match seq="CGGGCC" p="969" n="7064" pvalue="3.8e-031" evalue="1.8e-026"/>
      <match seq="CGCCCG" p="825" n="6100" pvalue="8.8e-024" evalue="4.1e-019"/>
      <match seq="CGGCCC" p="1005" n="7886" pvalue="5.0e-022" evalue="2.3e-017"/>
      <match seq="CGGTCC" p="558" n="3946" pvalue="9.1e-019" evalue="4.2e-014"/>
      <match seq="CGCCCC" p="431" n="2916" pvalue="3.8e-017" evalue="1.7e-012"/>
      <match seq="CGGCCG" p="296" n="1894" pvalue="1.9e-014" evalue="9.0e-010"/>
      <match seq="CGCTCG" p="268" n="1885" pvalue="2.2e-009" evalue="1.0e-004"/>
      <match seq="CGGTCG" p="171" n="1076" pvalue="3.0e-009" evalue="1.4e-004"/>
      <match seq="CGCGCG" p="67" n="376" pvalue="8.7e-006" evalue="4.0e-001"/>
      <match seq="CGCTCC" p="243" n="1917" pvalue="3.1e-005" evalue="1.4e+000"/>
      <match seq="CGCGCC" p="232" n="1925" pvalue="6.6e-004" evalue="3.0e+001"/>
    </motif>
    <motif id="m05" alt="DREME-5" seq="GGVCGS" length="6" nsites="4481" p="1892" n="16253" pvalue="1.4e-032" evalue="6.2e-028" unerased_evalue="2.8e-048">
      <pos A="0.000000" C="0.000000" G="1.000000" T="0.000000"/>
      <pos A="0.000000" C="0.000000" G="1.000000" T="0.000000"/>
      <pos A="0.361973" C="0.318233" G="0.319795" T="0.000000"/>
      <pos A="0.000000" C="1.000000" G="0.000000" T="0.000000"/>
      <pos A="0.000000" C="0.000000" G="1.000000" T="0.000000"/>
      <pos A="0.000000" C="0.382504" G="0.617496" T="0.000000"/>
      <match seq="GGACGG" p="766" n="5810" pvalue="4.1e-019" evalue="1.9e-014"/>
      <match seq="GGCCGC" p="470" n="3504" pvalue="2.4e-012" evalue="1.1e-007"/>
      <match seq="GGGCGG" p="695" n="5584" pvalue="2.7e-012" evalue="1.2e-007"/>
      <match seq="GGGCGC" p="490" n="3777" pvalue="7.0e-011" evalue="3.2e-006"/>
      <match seq="GGCCGG" p="689" n="5741" pvalue="1.5e-009" evalue="6.8e-005"/>
      <match seq="GGACGC" p="512" n="4289" pvalue="6.9e-007" evalue="3.1e-002"/>
    </motif>
    <motif id="m06" alt="DREME-6" seq="CSCGM" length="5" nsites="6386" p="2238" n="20138" pvalue="1.9e-032" evalue="8.4e-028" unerased_evalue="4.2e-035">
      <pos A="0.000000" C="1.000000" G="0.000000" T="0.000000"/>
      <pos A="0.000000" C="0.954432" G="0.045568" T="0.000000"/>
      <pos A="0.000000" C="1.000000" G="0.000000" T="0.000000"/>
      <pos A="0.000000" C="0.000000" G="1.000000" T="0.000000"/>
      <pos A="0.578923" C="0.421077" G="0.000000" T="0.000000"/>
      <match seq="CCCGA" p="1808" n="15931" pvalue="3.8e-023" evalue="1.7e-018"/>
      <match seq="CCCGC" p="1468" n="12475" pvalue="8.1e-022" evalue="3.6e-017"/>
      <match seq="CGCGC" p="223" n="1644" pvalue="1.2e-006" evalue="5.6e-002"/>
      <match seq="CGCGA" p="71" n="534" pvalue="7.7e-003" evalue="3.5e+002"/>
    </motif>
    <motif id="m07" alt="DREME-7" seq="CTSCGM" length="6" nsites="3354" p="1765" n="15217" pvalue="4.2e-027" evalue="1.8e-022" unerased_evalue="2.4e-032">
      <pos A="0.000000" C="1.000000" G="0.000000" T="0.000000"/>
      <pos A="0.000000" C="0.000000" G="0.000000" T="1.000000"/>
      <pos A="0.000000" C="0.587657" G="0.412343" T="0.000000"/>
      <pos A="0.000000" C="1.000000" G="0.000000" T="0.000000"/>
      <pos A="0.000000" C="0.000000" G="1.000000" T="0.000000"/>
      <pos A="0.404890" C="0.595110" G="0.000000" T="0.000000"/>
      <match seq="CTGCGC" p="634" n="4911" pvalue="8.3e-014" evalue="3.7e-009"/>
      <match seq="CTCCGC" p="935" n="7832" pvalue="6.0e-013" evalue="2.6e-008"/>
      <match seq="CTCCGA" p="599" n="4855" pvalue="6.0e-010" evalue="2.6e-005"/>
      <match seq="CTGCGA" p="550" n="4674" pvalue="1.2e-006" evalue="5.3e-002"/>
    </motif>
    <motif id="m08" alt="DREME-8" seq="CSGGDC" length="6" nsites="2309" p="1378" n="11477" pvalue="4.1e-023" evalue="1.8e-018" unerased_evalue="5.1e-042">
      <pos A="0.000000" C="1.000000" G="0.000000" T="0.000000"/>
      <pos A="0.000000" C="0.589000" G="0.411000" T="0.000000"/>
      <pos A="0.000000" C="0.000000" G="1.000000" T="0.000000"/>
      <pos A="0.000000" C="0.000000" G="1.000000" T="0.000000"/>
      <pos A="0.314422" C="0.000000" G="0.452144" T="0.233434"/>
      <pos A="0.000000" C="1.000000" G="0.000000" T="0.000000"/>
      <match seq="CGGGTC" p="318" n="2226" pvalue="3.6e-011" evalue="1.5e-006"/>
      <match seq="CCGGGC" p="681" n="5602" pvalue="2.6e-010" evalue="1.1e-005"/>
      <match seq="CGGGAC" p="337" n="2474" pvalue="1.2e-009" evalue="5.1e-005"/>
      <match seq="CCGGAC" p="347" n="2669" pvalue="5.8e-008" evalue="2.5e-003"/>
      <match seq="CGGGGC" p="237" n="1920" pvalue="1.7e-004" evalue="7.4e+000"/>
      <match seq="CCGGTC" p="214" n="1742" pvalue="4.4e-004" evalue="1.9e+001"/>
    </motif>
    <motif id="m09" alt="DREME-9" seq="BCGCC" length="5" nsites="5096" p="2063" n="18932" pvalue="7.4e-020" evalue="3.2e-015" unerased_evalue="1.6e-029">
      <pos A="0.000000" C="0.250392" G="0.267072" T="0.482535"/>
      <pos A="0.000000" C="1.000000" G="0.000000" T="0.000000"/>
      <pos A="0.000000" C="0.000000" G="1.000000" T="0.000000"/>
      <pos A="0.000000" C="1.000000" G="0.000000" T="0.000000"/>
      <pos A="0.000000" C="1.000000" G="0.000000" T="0.000000"/>
      <match seq="GCGCC" p="1000" n="8352" pvalue="2.2e-014" evalue="9.4e-010"/>
      <match seq="TCGCC" p="1486" n="13324" pvalue="2.8e-013" evalue="1.2e-008"/>
      <match seq="CCGCC" p="944" n="8054" pvalue="2.4e-011" evalue="1.1e-006"/>
    </motif>
    <motif id="m10" alt="DREME-10" seq="CCCCHHCC" length="8" nsites="4493" p="1868" n="16959" pvalue="8.3e-018" evalue="3.5e-013" unerased_evalue="3.1e-021">
      <pos A="0.000000" C="1.000000" G="0.000000" T="0.000000"/>
      <pos A="0.000000" C="1.000000" G="0.000000" T="0.000000"/>
      <pos A="0.000000" C="1.000000" G="0.000000" T="0.000000"/>
      <pos A="0.000000" C="1.000000" G="0.000000" T="0.000000"/>
      <pos A="0.368128" C="0.250612" G="0.000000" T="0.381260"/>
      <pos A="0.254618" C="0.397507" G="0.000000" T="0.347874"/>
      <pos A="0.000000" C="1.000000" G="0.000000" T="0.000000"/>
      <pos A="0.000000" C="1.000000" G="0.000000" T="0.000000"/>
      <match seq="CCCCTCCC" p="783" n="6462" pvalue="9.8e-012" evalue="4.2e-007"/>
      <match seq="CCCCCTCC" p="508" n="4197" pvalue="1.7e-007" evalue="7.2e-003"/>
      <match seq="CCCCCACC" p="604" n="5133" pvalue="3.0e-007" evalue="1.3e-002"/>
      <match seq="CCCCACCC" p="758" n="6653" pvalue="5.4e-007" evalue="2.3e-002"/>
      <match seq="CCCCATCC" p="434" n="3565" pvalue="9.6e-007" evalue="4.1e-002"/>
      <match seq="CCCCTTCC" p="515" n="4413" pvalue="6.7e-006" evalue="2.9e-001"/>
      <match seq="CCCCCCCC" p="102" n="694" pvalue="7.6e-005" evalue="3.2e+000"/>
      <match seq="CCCCTACC" p="207" n="1641" pvalue="1.5e-004" evalue="6.5e+000"/>
      <match seq="CCCCAACC" p="335" n="2911" pvalue="8.1e-004" evalue="3.5e+001"/>
    </motif>
    <motif id="m11" alt="DREME-11" seq="CCSG" length="4" nsites="5343" p="2104" n="19697" pvalue="1.0e-015" evalue="4.2e-011" unerased_evalue="4.6e-018">
      <pos A="0.000000" C="1.000000" G="0.000000" T="0.000000"/>
      <pos A="0.000000" C="1.000000" G="0.000000" T="0.000000"/>
      <pos A="0.000000" C="0.661800" G="0.338200" T="0.000000"/>
      <pos A="0.000000" C="0.000000" G="1.000000" T="0.000000"/>
      <match seq="CCCG" p="1875" n="17358" pvalue="7.1e-014" evalue="3.0e-009"/>
      <match seq="CCGG" p="1556" n="14045" pvalue="2.6e-013" evalue="1.1e-008"/>
    </motif>
    <motif id="m12" alt="DREME-12" seq="CCSWCG" length="6" nsites="2043" p="1283" n="11069" pvalue="1.7e-015" evalue="7.1e-011" unerased_evalue="1.8e-023">
      <pos A="0.000000" C="1.000000" G="0.000000" T="0.000000"/>
      <pos A="0.000000" C="1.000000" G="0.000000" T="0.000000"/>
      <pos A="0.000000" C="0.926089" G="0.073911" T="0.000000"/>
      <pos A="0.604503" C="0.000000" G="0.000000" T="0.395497"/>
      <pos A="0.000000" C="1.000000" G="0.000000" T="0.000000"/>
      <pos A="0.000000" C="0.000000" G="1.000000" T="0.000000"/>
      <match seq="CCCTCG" p="599" n="4947" pvalue="8.4e-009" evalue="3.4e-004"/>
      <match seq="CCCACG" p="868" n="7560" pvalue="1.2e-008" evalue="4.9e-004"/>
      <match seq="CCGTCG" p="81" n="565" pvalue="7.6e-004" evalue="3.1e+001"/>
      <match seq="CCGACG" p="86" n="619" pvalue="1.2e-003" evalue="5.0e+001"/>
    </motif>
    <motif id="m13" alt="DREME-13" seq="CCGAVC" length="6" nsites="847" p="694" n="5484" pvalue="1.4e-013" evalue="5.7e-009" unerased_evalue="5.6e-032">
      <pos A="0.000000" C="1.000000" G="0.000000" T="0.000000"/>
      <pos A="0.000000" C="1.000000" G="0.000000" T="0.000000"/>
      <pos A="0.000000" C="0.000000" G="1.000000" T="0.000000"/>
      <pos A="1.000000" C="0.000000" G="0.000000" T="0.000000"/>
      <pos A="0.203070" C="0.283353" G="0.513577" T="0.000000"/>
      <pos A="0.000000" C="1.000000" G="0.000000" T="0.000000"/>
      <match seq="CCGAGC" p="388" n="3046" pvalue="6.4e-008" evalue="2.6e-003"/>
      <match seq="CCGAAC" p="167" n="1231" pvalue="2.7e-005" evalue="1.1e+000"/>
      <match seq="CCGACC" p="224" n="1765" pvalue="6.0e-005" evalue="2.4e+000"/>
    </motif>
    <motif id="m14" alt="DREME-14" seq="CCCHCYC" length="7" nsites="5344" p="2115" n="20032" pvalue="3.7e-013" evalue="1.5e-008" unerased_evalue="2.2e-022">
      <pos A="0.000000" C="1.000000" G="0.000000" T="0.000000"/>
      <pos A="0.000000" C="1.000000" G="0.000000" T="0.000000"/>
      <pos A="0.000000" C="1.000000" G="0.000000" T="0.000000"/>
      <pos A="0.383982" C="0.124813" G="0.000000" T="0.491205"/>
      <pos A="0.000000" C="1.000000" G="0.000000" T="0.000000"/>
      <pos A="0.000000" C="0.456774" G="0.000000" T="0.543226"/>
      <pos A="0.000000" C="1.000000" G="0.000000" T="0.000000"/>
      <match seq="CCCTCCC" p="963" n="8827" pvalue="8.0e-006" evalue="3.2e-001"/>
      <match seq="CCCACCC" p="784" n="7045" pvalue="8.1e-006" evalue="3.2e-001"/>
      <match seq="CCCTCTC" p="1043" n="9642" pvalue="9.5e-006" evalue="3.8e-001"/>
      <match seq="CCCCCTC" p="488" n="4179" pvalue="1.2e-005" evalue="4.7e-001"/>
      <match seq="CCCACTC" p="831" n="7625" pvalue="5.8e-005" evalue="2.3e+000"/>
      <match seq="CCCCCCC" p="145" n="1158" pvalue="1.9e-003" evalue="7.4e+001"/>
    </motif>
    <motif id="m15" alt="DREME-15" seq="CGBCC" length="5" nsites="2895" p="1640" n="14925" pvalue="2.9e-013" evalue="1.2e-008" unerased_evalue="6.6e-028">
      <pos A="0.000000" C="1.000000" G="0.000000" T="0.000000"/>
      <pos A="0.000000" C="0.000000" G="1.000000" T="0.000000"/>
      <pos A="0.000000" C="0.222453" G="0.471848" T="0.305699"/>
      <pos A="0.000000" C="1.000000" G="0.000000" T="0.000000"/>
      <pos A="0.000000" C="1.000000" G="0.000000" T="0.000000"/>
      <match seq="CGGCC" p="1002" n="9116" pvalue="1.3e-006" evalue="5.2e-002"/>
      <match seq="CGCCC" p="545" n="4655" pvalue="2.4e-006" evalue="9.5e-002"/>
      <match seq="CGTCC" p="726" n="6414" pvalue="2.5e-006" evalue="1.0e-001"/>
    </motif>
    <motif id="m16" alt="DREME-16" seq="GGGGSTS" length="7" nsites="3219" p="1640" n="15025" pvalue="3.5e-012" evalue="1.4e-007" unerased_evalue="4.4e-020">
      <pos A="0.000000" C="0.000000" G="1.000000" T="0.000000"/>
      <pos A="0.000000" C="0.000000" G="1.000000" T="0.000000"/>
      <pos A="0.000000" C="0.000000" G="1.000000" T="0.000000"/>
      <pos A="0.000000" C="0.000000" G="1.000000" T="0.000000"/>
      <pos A="0.000000" C="0.691830" G="0.308170" T="0.000000"/>
      <pos A="0.000000" C="0.000000" G="0.000000" T="1.000000"/>
      <pos A="0.000000" C="0.348555" G="0.651445" T="0.000000"/>
      <match seq="GGGGGTC" p="349" n="2855" pvalue="9.6e-006" evalue="3.8e-001"/>
      <match seq="GGGGCTG" p="1006" n="9277" pvalue="1.1e-005" evalue="4.3e-001"/>
      <match seq="GGGGCTC" p="602" n="5335" pvalue="3.5e-005" evalue="1.4e+000"/>
      <match seq="GGGGGTG" p="514" n="4600" pvalue="3.5e-004" evalue="1.4e+001"/>
    </motif>
    <motif id="m17" alt="DREME-17" seq="CGCWGS" length="6" nsites="2067" p="1295" n="11543" pvalue="1.9e-011" evalue="7.5e-007" unerased_evalue="9.1e-033">
      <pos A="0.000000" C="1.000000" G="0.000000" T="0.000000"/>
      <pos A="0.000000" C="0.000000" G="1.000000" T="0.000000"/>
      <pos A="0.000000" C="1.000000" G="0.000000" T="0.000000"/>
      <pos A="0.349782" C="0.000000" G="0.000000" T="0.650218"/>
      <pos A="0.000000" C="0.000000" G="1.000000" T="0.000000"/>
      <pos A="0.000000" C="0.468312" G="0.531688" T="0.000000"/>
      <match seq="CGCTGC" p="565" n="4694" pvalue="5.5e-008" evalue="2.2e-003"/>
      <match seq="CGCTGG" p="596" n="5127" pvalue="1.6e-006" evalue="6.1e-002"/>
      <match seq="CGCAGC" p="320" n="2769" pvalue="8.4e-004" evalue="3.3e+001"/>
      <match seq="CGCAGG" p="340" n="3079" pvalue="7.1e-003" evalue="2.8e+002"/>
    </motif>
    <motif id="m18" alt="DREME-18" seq="CCKCG" length="5" nsites="1955" p="1307" n="11859" pvalue="1.6e-009" evalue="6.2e-005" unerased_evalue="2.6e-032">
      <pos A="0.000000" C="1.000000" G="0.000000" T="0.000000"/>
      <pos A="0.000000" C="1.000000" G="0.000000" T="0.000000"/>
      <pos A="0.000000" C="0.000000" G="0.034783" T="0.965217"/>
      <pos A="0.000000" C="1.000000" G="0.000000" T="0.000000"/>
      <pos A="0.000000" C="0.000000" G="1.000000" T="0.000000"/>
      <match seq="CCTCG" p="1277" n="11635" pvalue="8.7e-009" evalue="3.4e-004"/>
      <match seq="CCGCG" p="68" n="508" pvalue="7.9e-003" evalue="3.1e+002"/>
    </motif>
    <motif id="m19" alt="DREME-19" seq="AGGGSYC" length="7" nsites="2912" p="1578" n="14716" pvalue="6.1e-009" evalue="2.4e-004" unerased_evalue="1.5e-013">
      <pos A="1.000000" C="0.000000" G="0.000000" T="0.000000"/>
      <pos A="0.000000" C="0.000000" G="1.000000" T="0.000000"/>
      <pos A="0.000000" C="0.000000" G="1.000000" T="0.000000"/>
      <pos A="0.000000" C="0.000000" G="1.000000" T="0.000000"/>
      <pos A="0.000000" C="0.520604" G="0.479396" T="0.000000"/>
      <pos A="0.000000" C="0.504808" G="0.000000" T="0.495192"/>
      <pos A="0.000000" C="1.000000" G="0.000000" T="0.000000"/>
      <match seq="AGGGCTC" p="710" n="6433" pvalue="6.8e-005" evalue="2.7e+000"/>
      <match seq="AGGGGCC" p="670" n="6091" pvalue="1.7e-004" evalue="6.5e+000"/>
      <match seq="AGGGGTC" p="487" n="4503" pvalue="5.0e-003" evalue="2.0e+002"/>
      <match seq="AGGGCCC" p="556" n="5226" pvalue="8.2e-003" evalue="3.2e+002"/>
    </motif>
    <motif id="m20" alt="DREME-20" seq="CCCAGRCC" length="8" nsites="933" p="706" n="6007" pvalue="2.1e-008" evalue="8.3e-004" unerased_evalue="7.7e-014">
      <pos A="0.000000" C="1.000000" G="0.000000" T="0.000000"/>
      <pos A="0.000000" C="1.000000" G="0.000000" T="0.000000"/>
      <pos A="0.000000" C="1.000000" G="0.000000" T="0.000000"/>
      <pos A="1.000000" C="0.000000" G="0.000000" T="0.000000"/>
      <pos A="0.000000" C="0.000000" G="1.000000" T="0.000000"/>
      <pos A="0.314041" C="0.000000" G="0.685959" T="0.000000"/>
      <pos A="0.000000" C="1.000000" G="0.000000" T="0.000000"/>
      <pos A="0.000000" C="1.000000" G="0.000000" T="0.000000"/>
      <match seq="CCCAGGCC" p="521" n="4386" pvalue="9.2e-007" evalue="3.6e-002"/>
      <match seq="CCCAGACC" p="267" n="2179" pvalue="1.0e-004" evalue="3.9e+000"/>
    </motif>
    <motif id="m21" alt="DREME-21" seq="GCGDC" length="5" nsites="1781" p="1205" n="10959" pvalue="2.7e-008" evalue="1.0e-003" unerased_evalue="7.3e-020">
      <pos A="0.000000" C="0.000000" G="1.000000" T="0.000000"/>
      <pos A="0.000000" C="1.000000" G="0.000000" T="0.000000"/>
      <pos A="0.000000" C="0.000000" G="1.000000" T="0.000000"/>
      <pos A="0.247614" C="0.000000" G="0.339135" T="0.413251"/>
      <pos A="0.000000" C="1.000000" G="0.000000" T="0.000000"/>
      <match seq="GCGTC" p="637" n="5711" pvalue="6.5e-005" evalue="2.5e+000"/>
      <match seq="GCGGC" p="503" n="4479" pvalue="2.7e-004" evalue="1.1e+001"/>
      <match seq="GCGAC" p="397" n="3466" pvalue="3.6e-004" evalue="1.4e+001"/>
    </motif>
    <motif id="m22" alt="DREME-22" seq="CGGAS" length="5" nsites="1584" p="1136" n="10319" pvalue="8.3e-008" evalue="3.2e-003" unerased_evalue="1.6e-024">
      <pos A="0.000000" C="1.000000" G="0.000000" T="0.000000"/>
      <pos A="0.000000" C="0.000000" G="1.000000" T="0.000000"/>
      <pos A="0.000000" C="0.000000" G="1.000000" T="0.000000"/>
      <pos A="1.000000" C="0.000000" G="0.000000" T="0.000000"/>
      <pos A="0.000000" C="0.333965" G="0.666035" T="0.000000"/>
      <match seq="CGGAG" p="827" n="7421" pvalue="3.2e-006" evalue="1.2e-001"/>
      <match seq="CGGAC" p="467" n="4339" pvalue="8.1e-003" evalue="3.1e+002"/>
    </motif>
    <motif id="m23" alt="DREME-23" seq="CCCCWSC" length="7" nsites="3491" p="1735" n="16627" pvalue="8.8e-007" evalue="3.3e-002" unerased_evalue="1.8e-013">
      <pos A="0.000000" C="1.000000" G="0.000000" T="0.000000"/>
      <pos A="0.000000" C="1.000000" G="0.000000" T="0.000000"/>
      <pos A="0.000000" C="1.000000" G="0.000000" T="0.000000"/>
      <pos A="0.000000" C="1.000000" G="0.000000" T="0.000000"/>
      <pos A="0.578344" C="0.000000" G="0.000000" T="0.421656"/>
      <pos A="0.000000" C="0.344887" G="0.655113" T="0.000000"/>
      <pos A="0.000000" C="1.000000" G="0.000000" T="0.000000"/>
      <match seq="CCCCAGC" p="992" n="9466" pvalue="1.3e-003" evalue="4.9e+001"/>
      <match seq="CCCCTCC" p="477" n="4328" pvalue="1.6e-003" evalue="6.1e+001"/>
      <match seq="CCCCACC" p="538" n="4934" pvalue="1.7e-003" evalue="6.6e+001"/>
      <match seq="CCCCTGC" p="726" n="6807" pvalue="1.8e-003" evalue="6.7e+001"/>
    </motif>
    <motif id="m24" alt="DREME-24" seq="CTCCCCM" length="7" nsites="1673" p="1161" n="10708" pvalue="1.1e-006" evalue="4.1e-002" unerased_evalue="1.9e-005">
      <pos A="0.000000" C="1.000000" G="0.000000" T="0.000000"/>
      <pos A="0.000000" C="0.000000" G="0.000000" T="1.000000"/>
      <pos A="0.000000" C="1.000000" G="0.000000" T="0.000000"/>
      <pos A="0.000000" C="1.000000" G="0.000000" T="0.000000"/>
      <pos A="0.000000" C="1.000000" G="0.000000" T="0.000000"/>
      <pos A="0.000000" C="1.000000" G="0.000000" T="0.000000"/>
      <pos A="0.690974" C="0.309026" G="0.000000" T="0.000000"/>
      <match seq="CTCCCCC" p="449" n="3862" pvalue="4.1e-005" evalue="1.6e+000"/>
      <match seq="CTCCCCA" p="881" n="8300" pvalue="7.5e-004" evalue="2.8e+001"/>
    </motif>
  </motifs>
  <run_time cpu="99407.16" real="99413.36" stop="evalue"/>
</dreme>
