<dreme version="5.1.1" release="Wed Jan 29 15:00:42 2020 -0800">
  <model>
    <command_line>dreme -oc ALE_concordant -p enhancer_list.ALE.concordant.fasta -n enhancer_list.ALE.no_significant.fasta -dna</command_line>
    <positives name="enhancer list.ALE.concordant" count="1191" file="enhancer_list.ALE.concordant.fasta" last_mod_date="Mon Jul 06 01:06:06 CST 2020" />
    <negatives name="enhancer list.ALE.no significant" count="12747" from="file" file="enhancer_list.ALE.no_significant.fasta" last_mod_date="Mon Jul 06 01:06:07 CST 2020" />
    <alphabet name="DNA" like="dna">
      <letter id="A" symbol="A" complement="T" name="Adenine" colour="CC0000"/>
      <letter id="C" symbol="C" complement="G" name="Cytosine" colour="0000CC"/>
      <letter id="G" symbol="G" complement="C" name="Guanine" colour="FFB300"/>
      <letter id="T" symbol="T" aliases="U" complement="A" name="Thymine" colour="008000"/>
      <letter id="N" symbol="N" aliases="X." equals="ACGT" name="Any base"/>
      <letter id="V" symbol="V" equals="ACG" name="Not T"/>
      <letter id="H" symbol="H" equals="ACT" name="Not G"/>
      <letter id="D" symbol="D" equals="AGT" name="Not C"/>
      <letter id="B" symbol="B" equals="CGT" name="Not A"/>
      <letter id="M" symbol="M" equals="AC" name="Amino"/>
      <letter id="R" symbol="R" equals="AG" name="Purine"/>
      <letter id="W" symbol="W" equals="AT" name="Weak"/>
      <letter id="S" symbol="S" equals="CG" name="Strong"/>
      <letter id="Y" symbol="Y" equals="CT" name="Pyrimidine"/>
      <letter id="K" symbol="K" equals="GT" name="Keto"/>
    </alphabet>
    <strands>both</strands>
    <background A="0.252" C="0.248" G="0.248" T="0.252" from="dataset"/>
    <stop evalue="0.05"/>
    <ngen>100</ngen>
    <add_pv_thresh>0.01</add_pv_thresh>
    <seed>1</seed>
    <host>bits6</host>
    <when>Mon Jul 06 01:30:46 CST 2020</when>
  </model>
  <motifs>
    <motif id="m01" alt="DREME-1" seq="CSCCGCS" length="7" nsites="1403" p="563" n="4149" pvalue="6.4e-024" evalue="3.0e-019" unerased_evalue="3.0e-019">
      <pos A="0.000000" C="1.000000" G="0.000000" T="0.000000"/>
      <pos A="0.000000" C="0.747684" G="0.252316" T="0.000000"/>
      <pos A="0.000000" C="1.000000" G="0.000000" T="0.000000"/>
      <pos A="0.000000" C="1.000000" G="0.000000" T="0.000000"/>
      <pos A="0.000000" C="0.000000" G="1.000000" T="0.000000"/>
      <pos A="0.000000" C="1.000000" G="0.000000" T="0.000000"/>
      <pos A="0.000000" C="0.741269" G="0.258731" T="0.000000"/>
      <match seq="CCCCGCC" p="428" n="3269" pvalue="4.8e-014" evalue="2.2e-009"/>
      <match seq="CGCCGCC" p="175" n="1162" pvalue="2.5e-009" evalue="1.1e-004"/>
      <match seq="CCCCGCG" p="174" n="1178" pvalue="9.9e-009" evalue="4.6e-004"/>
      <match seq="CGCCGCG" p="96" n="667" pvalue="6.5e-005" evalue="3.0e+000"/>
    </motif>
    <motif id="m02" alt="DREME-2" seq="CSGSCCC" length="7" nsites="1285" p="603" n="4793" pvalue="1.8e-018" evalue="8.2e-014" unerased_evalue="1.3e-015">
      <pos A="0.000000" C="1.000000" G="0.000000" T="0.000000"/>
      <pos A="0.000000" C="0.561868" G="0.438132" T="0.000000"/>
      <pos A="0.000000" C="0.000000" G="1.000000" T="0.000000"/>
      <pos A="0.000000" C="0.513619" G="0.486381" T="0.000000"/>
      <pos A="0.000000" C="1.000000" G="0.000000" T="0.000000"/>
      <pos A="0.000000" C="1.000000" G="0.000000" T="0.000000"/>
      <pos A="0.000000" C="1.000000" G="0.000000" T="0.000000"/>
      <match seq="CCGCCCC" p="283" n="2033" pvalue="2.1e-011" evalue="9.7e-007"/>
      <match seq="CGGGCCC" p="229" n="1591" pvalue="2.1e-010" evalue="9.8e-006"/>
      <match seq="CGGCCCC" p="270" n="2085" pvalue="4.9e-008" evalue="2.2e-003"/>
      <match seq="CCGGCCC" p="301" n="2406" pvalue="1.3e-007" evalue="6.1e-003"/>
    </motif>
    <motif id="m03" alt="DREME-3" seq="SCGCSS" length="6" nsites="2305" p="786" n="6786" pvalue="8.6e-018" evalue="3.9e-013" unerased_evalue="5.5e-014">
      <pos A="0.000000" C="0.491974" G="0.508026" T="0.000000"/>
      <pos A="0.000000" C="1.000000" G="0.000000" T="0.000000"/>
      <pos A="0.000000" C="0.000000" G="1.000000" T="0.000000"/>
      <pos A="0.000000" C="1.000000" G="0.000000" T="0.000000"/>
      <pos A="0.000000" C="0.737527" G="0.262473" T="0.000000"/>
      <pos A="0.000000" C="0.704121" G="0.295879" T="0.000000"/>
      <match seq="GCGCCC" p="483" n="4050" pvalue="6.9e-010" evalue="3.1e-005"/>
      <match seq="CCGCGC" p="301" n="2277" pvalue="7.8e-010" evalue="3.5e-005"/>
      <match seq="CCGCCC" p="416" n="3607" pvalue="1.2e-006" evalue="5.3e-002"/>
      <match seq="GCGCCG" p="190" n="1485" pvalue="1.5e-005" evalue="6.9e-001"/>
      <match seq="GCGCGC" p="131" n="953" pvalue="2.2e-005" evalue="9.8e-001"/>
      <match seq="CCGCCG" p="169" n="1305" pvalue="2.7e-005" evalue="1.2e+000"/>
      <match seq="CCGCGG" p="122" n="893" pvalue="5.4e-005" evalue="2.4e+000"/>
    </motif>
    <motif id="m04" alt="DREME-4" seq="BCGCG" length="5" nsites="706" p="443" n="3560" pvalue="2.4e-011" evalue="1.1e-006" unerased_evalue="2.5e-013">
      <pos A="0.000000" C="0.347025" G="0.288952" T="0.364023"/>
      <pos A="0.000000" C="1.000000" G="0.000000" T="0.000000"/>
      <pos A="0.000000" C="0.000000" G="1.000000" T="0.000000"/>
      <pos A="0.000000" C="1.000000" G="0.000000" T="0.000000"/>
      <pos A="0.000000" C="0.000000" G="1.000000" T="0.000000"/>
      <match seq="CCGCG" p="242" n="1785" pvalue="9.0e-009" evalue="4.0e-004"/>
      <match seq="TCGCG" p="308" n="2483" pvalue="1.9e-007" evalue="8.3e-003"/>
      <match seq="GCGCG" p="239" n="1949" pvalue="1.5e-005" evalue="6.7e-001"/>
    </motif>
    <motif id="m05" alt="DREME-5" seq="CCGGDS" length="6" nsites="2391" p="865" n="8077" pvalue="5.2e-011" evalue="2.3e-006" unerased_evalue="1.1e-005">
      <pos A="0.000000" C="1.000000" G="0.000000" T="0.000000"/>
      <pos A="0.000000" C="1.000000" G="0.000000" T="0.000000"/>
      <pos A="0.000000" C="0.000000" G="1.000000" T="0.000000"/>
      <pos A="0.000000" C="0.000000" G="1.000000" T="0.000000"/>
      <pos A="0.260142" C="0.000000" G="0.534923" T="0.204935"/>
      <pos A="0.000000" C="0.446257" G="0.553743" T="0.000000"/>
      <match seq="CCGGGG" p="467" n="3961" pvalue="8.2e-009" evalue="3.6e-004"/>
      <match seq="CCGGTC" p="224" n="1851" pvalue="6.5e-005" evalue="2.9e+000"/>
      <match seq="CCGGGC" p="494" n="4570" pvalue="7.2e-005" evalue="3.2e+000"/>
      <match seq="CCGGAG" p="361" n="3245" pvalue="1.8e-004" evalue="7.7e+000"/>
      <match seq="CCGGAC" p="213" n="1847" pvalue="1.2e-003" evalue="5.0e+001"/>
      <match seq="CCGGTG" p="261" n="2391" pvalue="4.9e-003" evalue="2.2e+002"/>
    </motif>
    <motif id="m06" alt="DREME-6" seq="CTGCGGR" length="7" nsites="382" p="308" n="2312" pvalue="2.0e-010" evalue="8.7e-006" unerased_evalue="2.5e-007">
      <pos A="0.000000" C="1.000000" G="0.000000" T="0.000000"/>
      <pos A="0.000000" C="0.000000" G="0.000000" T="1.000000"/>
      <pos A="0.000000" C="0.000000" G="1.000000" T="0.000000"/>
      <pos A="0.000000" C="1.000000" G="0.000000" T="0.000000"/>
      <pos A="0.000000" C="0.000000" G="1.000000" T="0.000000"/>
      <pos A="0.000000" C="0.000000" G="1.000000" T="0.000000"/>
      <pos A="0.335079" C="0.000000" G="0.664921" T="0.000000"/>
      <match seq="CTGCGGG" p="220" n="1620" pvalue="4.6e-008" evalue="2.0e-003"/>
      <match seq="CTGCGGA" p="116" n="929" pvalue="1.8e-003" evalue="7.6e+001"/>
    </motif>
    <motif id="m07" alt="DREME-7" seq="CCGDCC" length="6" nsites="1000" p="596" n="5182" pvalue="2.5e-010" evalue="1.1e-005" unerased_evalue="2.4e-006">
      <pos A="0.000000" C="1.000000" G="0.000000" T="0.000000"/>
      <pos A="0.000000" C="1.000000" G="0.000000" T="0.000000"/>
      <pos A="0.000000" C="0.000000" G="1.000000" T="0.000000"/>
      <pos A="0.312000" C="0.000000" G="0.289000" T="0.399000"/>
      <pos A="0.000000" C="1.000000" G="0.000000" T="0.000000"/>
      <pos A="0.000000" C="1.000000" G="0.000000" T="0.000000"/>
      <match seq="CCGGCC" p="243" n="2009" pvalue="3.0e-005" evalue="1.3e+000"/>
      <match seq="CCGACC" p="261" n="2206" pvalue="5.8e-005" evalue="2.5e+000"/>
      <match seq="CCGTCC" p="315" n="2751" pvalue="8.1e-005" evalue="3.5e+000"/>
    </motif>
    <motif id="m08" alt="DREME-8" seq="CGGGB" length="5" nsites="3376" p="992" n="9729" pvalue="1.1e-008" evalue="4.6e-004" unerased_evalue="2.9e-003">
      <pos A="0.000000" C="1.000000" G="0.000000" T="0.000000"/>
      <pos A="0.000000" C="0.000000" G="1.000000" T="0.000000"/>
      <pos A="0.000000" C="0.000000" G="1.000000" T="0.000000"/>
      <pos A="0.000000" C="0.000000" G="1.000000" T="0.000000"/>
      <pos A="0.000000" C="0.244964" G="0.416469" T="0.338566"/>
      <match seq="CGGGG" p="719" n="6817" pvalue="2.7e-006" evalue="1.1e-001"/>
      <match seq="CGGGT" p="660" n="6226" pvalue="8.1e-006" evalue="3.5e-001"/>
      <match seq="CGGGC" p="538" n="4938" pvalue="9.0e-006" evalue="3.8e-001"/>
    </motif>
    <motif id="m09" alt="DREME-9" seq="CGCCYY" length="6" nsites="1447" p="742" n="6895" pvalue="2.6e-008" evalue="1.1e-003" unerased_evalue="7.6e-006">
      <pos A="0.000000" C="1.000000" G="0.000000" T="0.000000"/>
      <pos A="0.000000" C="0.000000" G="1.000000" T="0.000000"/>
      <pos A="0.000000" C="1.000000" G="0.000000" T="0.000000"/>
      <pos A="0.000000" C="1.000000" G="0.000000" T="0.000000"/>
      <pos A="0.000000" C="0.341396" G="0.000000" T="0.658604"/>
      <pos A="0.000000" C="0.633034" G="0.000000" T="0.366966"/>
      <match seq="CGCCCC" p="200" n="1628" pvalue="8.1e-005" evalue="3.4e+000"/>
      <match seq="CGCCCT" p="207" n="1758" pvalue="5.2e-004" evalue="2.2e+001"/>
      <match seq="CGCCTC" p="471" n="4443" pvalue="7.2e-004" evalue="3.0e+001"/>
      <match seq="CGCCTT" p="247" n="2196" pvalue="1.6e-003" evalue="6.5e+001"/>
    </motif>
    <motif id="m10" alt="DREME-10" seq="CCTCCHCC" length="8" nsites="1027" p="605" n="5539" pvalue="6.6e-007" evalue="2.8e-002" unerased_evalue="1.2e-001">
      <pos A="0.000000" C="1.000000" G="0.000000" T="0.000000"/>
      <pos A="0.000000" C="1.000000" G="0.000000" T="0.000000"/>
      <pos A="0.000000" C="0.000000" G="0.000000" T="1.000000"/>
      <pos A="0.000000" C="1.000000" G="0.000000" T="0.000000"/>
      <pos A="0.000000" C="1.000000" G="0.000000" T="0.000000"/>
      <pos A="0.320351" C="0.254138" G="0.000000" T="0.425511"/>
      <pos A="0.000000" C="1.000000" G="0.000000" T="0.000000"/>
      <pos A="0.000000" C="1.000000" G="0.000000" T="0.000000"/>
      <match seq="CCTCCTCC" p="302" n="2743" pvalue="1.4e-003" evalue="5.9e+001"/>
      <match seq="CCTCCACC" p="283" n="2614" pvalue="5.0e-003" evalue="2.1e+002"/>
      <match seq="CCTCCCCC" p="211" n="1917" pvalue="8.7e-003" evalue="3.6e+002"/>
    </motif>
    <motif id="m11" alt="DREME-11" seq="GGGSCTS" length="7" nsites="2228" p="854" n="8267" pvalue="8.4e-007" evalue="3.5e-002" unerased_evalue="6.7e-004">
      <pos A="0.000000" C="0.000000" G="1.000000" T="0.000000"/>
      <pos A="0.000000" C="0.000000" G="1.000000" T="0.000000"/>
      <pos A="0.000000" C="0.000000" G="1.000000" T="0.000000"/>
      <pos A="0.000000" C="0.475763" G="0.524237" T="0.000000"/>
      <pos A="0.000000" C="1.000000" G="0.000000" T="0.000000"/>
      <pos A="0.000000" C="0.000000" G="0.000000" T="1.000000"/>
      <pos A="0.000000" C="0.361311" G="0.638689" T="0.000000"/>
      <match seq="GGGGCTG" p="505" n="4795" pvalue="6.8e-004" evalue="2.8e+001"/>
      <match seq="GGGCCTC" p="339" n="3103" pvalue="1.0e-003" evalue="4.3e+001"/>
      <match seq="GGGCCTG" p="430" n="4140" pvalue="6.2e-003" evalue="2.6e+002"/>
      <match seq="GGGGCTC" p="310" n="2901" pvalue="6.2e-003" evalue="2.6e+002"/>
    </motif>
  </motifs>
  <run_time cpu="14306.55" real="14307.12" stop="evalue"/>
</dreme>
