<dreme version="5.1.1" release="Wed Jan 29 15:00:42 2020 -0800">
  <model>
    <command_line>dreme -oc ALE_discordant -p enhancer_list.ALE.discordant.fasta -n enhancer_list.ALE.no_significant.fasta -dna</command_line>
    <positives name="enhancer list.ALE.discordant" count="1577" file="enhancer_list.ALE.discordant.fasta" last_mod_date="Mon Jul 06 01:06:06 CST 2020" />
    <negatives name="enhancer list.ALE.no significant" count="12747" from="file" file="enhancer_list.ALE.no_significant.fasta" last_mod_date="Mon Jul 06 01:06:07 CST 2020" />
    <alphabet name="DNA" like="dna">
      <letter id="A" symbol="A" complement="T" name="Adenine" colour="CC0000"/>
      <letter id="C" symbol="C" complement="G" name="Cytosine" colour="0000CC"/>
      <letter id="G" symbol="G" complement="C" name="Guanine" colour="FFB300"/>
      <letter id="T" symbol="T" aliases="U" complement="A" name="Thymine" colour="008000"/>
      <letter id="N" symbol="N" aliases="X." equals="ACGT" name="Any base"/>
      <letter id="V" symbol="V" equals="ACG" name="Not T"/>
      <letter id="H" symbol="H" equals="ACT" name="Not G"/>
      <letter id="D" symbol="D" equals="AGT" name="Not C"/>
      <letter id="B" symbol="B" equals="CGT" name="Not A"/>
      <letter id="M" symbol="M" equals="AC" name="Amino"/>
      <letter id="R" symbol="R" equals="AG" name="Purine"/>
      <letter id="W" symbol="W" equals="AT" name="Weak"/>
      <letter id="S" symbol="S" equals="CG" name="Strong"/>
      <letter id="Y" symbol="Y" equals="CT" name="Pyrimidine"/>
      <letter id="K" symbol="K" equals="GT" name="Keto"/>
    </alphabet>
    <strands>both</strands>
    <background A="0.252" C="0.248" G="0.248" T="0.252" from="dataset"/>
    <stop evalue="0.05"/>
    <ngen>100</ngen>
    <add_pv_thresh>0.01</add_pv_thresh>
    <seed>1</seed>
    <host>bits6</host>
    <when>Mon Jul 06 01:30:39 CST 2020</when>
  </model>
  <motifs>
    <motif id="m01" alt="DREME-1" seq="GGGSCGS" length="7" nsites="2379" p="1075" n="6703" pvalue="1.1e-032" evalue="5.3e-028" unerased_evalue="1.2e-020">
      <pos A="0.000000" C="0.000000" G="1.000000" T="0.000000"/>
      <pos A="0.000000" C="0.000000" G="1.000000" T="0.000000"/>
      <pos A="0.000000" C="0.000000" G="1.000000" T="0.000000"/>
      <pos A="0.000000" C="0.395124" G="0.604876" T="0.000000"/>
      <pos A="0.000000" C="1.000000" G="0.000000" T="0.000000"/>
      <pos A="0.000000" C="0.000000" G="1.000000" T="0.000000"/>
      <pos A="0.000000" C="0.337116" G="0.662884" T="0.000000"/>
      <match seq="GGGGCGG" p="554" n="2955" pvalue="6.1e-024" evalue="2.9e-019"/>
      <match seq="GGGGCGC" p="311" n="1583" pvalue="1.1e-014" evalue="5.0e-010"/>
      <match seq="GGGCCGG" p="413" n="2501" pvalue="1.6e-009" evalue="7.6e-005"/>
      <match seq="GGGCCGC" p="271" n="1570" pvalue="8.9e-008" evalue="4.2e-003"/>
    </motif>
    <motif id="m02" alt="DREME-2" seq="CGCGNK" length="6" nsites="1959" p="1126" n="7322" pvalue="1.6e-027" evalue="7.3e-023" unerased_evalue="1.5e-014">
      <pos A="0.000000" C="1.000000" G="0.000000" T="0.000000"/>
      <pos A="0.000000" C="0.000000" G="1.000000" T="0.000000"/>
      <pos A="0.000000" C="1.000000" G="0.000000" T="0.000000"/>
      <pos A="0.000000" C="0.000000" G="1.000000" T="0.000000"/>
      <pos A="0.199592" C="0.197550" G="0.440020" T="0.162838"/>
      <pos A="0.000000" C="0.000000" G="0.562021" T="0.437979"/>
      <match seq="CGCGGG" p="364" n="2024" pvalue="2.0e-012" evalue="9.3e-008"/>
      <match seq="CGCGAG" p="225" n="1128" pvalue="3.3e-011" evalue="1.5e-006"/>
      <match seq="CGCGCG" p="155" n="723" pvalue="8.3e-010" evalue="3.9e-005"/>
      <match seq="CGCGCT" p="236" n="1287" pvalue="9.4e-009" evalue="4.4e-004"/>
      <match seq="CGCGGT" p="305" n="1861" pvalue="8.7e-007" evalue="4.0e-002"/>
      <match seq="CGCGTG" p="230" n="1412" pvalue="3.7e-005" evalue="1.7e+000"/>
      <match seq="CGCGAT" p="187" n="1177" pvalue="6.4e-004" evalue="3.0e+001"/>
      <match seq="CGCGTT" p="110" n="641" pvalue="9.7e-004" evalue="4.5e+001"/>
    </motif>
    <motif id="m03" alt="DREME-3" seq="CSGSSG" length="6" nsites="3713" p="1111" n="7269" pvalue="1.9e-025" evalue="8.9e-021" unerased_evalue="1.5e-020">
      <pos A="0.000000" C="1.000000" G="0.000000" T="0.000000"/>
      <pos A="0.000000" C="0.439806" G="0.560194" T="0.000000"/>
      <pos A="0.000000" C="0.000000" G="1.000000" T="0.000000"/>
      <pos A="0.000000" C="0.190143" G="0.809857" T="0.000000"/>
      <pos A="0.000000" C="0.431457" G="0.568543" T="0.000000"/>
      <pos A="0.000000" C="0.000000" G="1.000000" T="0.000000"/>
      <match seq="CGGGCG" p="539" n="3117" pvalue="2.7e-016" evalue="1.2e-011"/>
      <match seq="CCGGGG" p="666" n="4089" pvalue="1.2e-015" evalue="5.5e-011"/>
      <match seq="CGGGGG" p="634" n="3953" pvalue="2.4e-013" evalue="1.1e-008"/>
      <match seq="CCGGCG" p="317" n="1769" pvalue="1.3e-010" evalue="5.9e-006"/>
      <match seq="CCGCCG" p="329" n="1884" pvalue="7.3e-010" evalue="3.3e-005"/>
      <match seq="CGGCCG" p="209" n="1189" pvalue="1.2e-006" evalue="5.3e-002"/>
      <match seq="CCGCGG" p="65" n="353" pvalue="2.5e-003" evalue="1.1e+002"/>
    </motif>
    <motif id="m04" alt="DREME-4" seq="CSCCGM" length="6" nsites="1691" p="842" n="5356" pvalue="7.2e-018" evalue="3.2e-013" unerased_evalue="8.5e-019">
      <pos A="0.000000" C="1.000000" G="0.000000" T="0.000000"/>
      <pos A="0.000000" C="0.789474" G="0.210526" T="0.000000"/>
      <pos A="0.000000" C="1.000000" G="0.000000" T="0.000000"/>
      <pos A="0.000000" C="1.000000" G="0.000000" T="0.000000"/>
      <pos A="0.000000" C="0.000000" G="1.000000" T="0.000000"/>
      <pos A="0.412182" C="0.587818" G="0.000000" T="0.000000"/>
      <match seq="CGCCGC" p="184" n="909" pvalue="1.0e-009" evalue="4.5e-005"/>
      <match seq="CCCCGC" p="514" n="3329" pvalue="4.3e-008" evalue="1.9e-003"/>
      <match seq="CCCCGA" p="432" n="2719" pvalue="4.9e-008" evalue="2.2e-003"/>
      <match seq="CGCCGA" p="118" n="629" pvalue="2.7e-005" evalue="1.2e+000"/>
    </motif>
    <motif id="m05" alt="DREME-5" seq="CGRMCC" length="6" nsites="1163" p="728" n="4576" pvalue="2.2e-015" evalue="9.6e-011" unerased_evalue="9.1e-018">
      <pos A="0.000000" C="1.000000" G="0.000000" T="0.000000"/>
      <pos A="0.000000" C="0.000000" G="1.000000" T="0.000000"/>
      <pos A="0.458298" C="0.000000" G="0.541702" T="0.000000"/>
      <pos A="0.405847" C="0.594153" G="0.000000" T="0.000000"/>
      <pos A="0.000000" C="1.000000" G="0.000000" T="0.000000"/>
      <pos A="0.000000" C="1.000000" G="0.000000" T="0.000000"/>
      <match seq="CGGACC" p="244" n="1432" pvalue="1.1e-006" evalue="4.9e-002"/>
      <match seq="CGACCC" p="288" n="1749" pvalue="1.3e-006" evalue="5.9e-002"/>
      <match seq="CGGCCC" p="288" n="1782" pvalue="5.3e-006" evalue="2.4e-001"/>
      <match seq="CGAACC" p="171" n="1118" pvalue="4.5e-003" evalue="2.0e+002"/>
    </motif>
    <motif id="m06" alt="DREME-6" seq="GRGCGS" length="6" nsites="1651" p="888" n="5983" pvalue="1.3e-012" evalue="5.5e-008" unerased_evalue="2.7e-014">
      <pos A="0.000000" C="0.000000" G="1.000000" T="0.000000"/>
      <pos A="0.462750" C="0.000000" G="0.537250" T="0.000000"/>
      <pos A="0.000000" C="0.000000" G="1.000000" T="0.000000"/>
      <pos A="0.000000" C="1.000000" G="0.000000" T="0.000000"/>
      <pos A="0.000000" C="0.000000" G="1.000000" T="0.000000"/>
      <pos A="0.000000" C="0.402180" G="0.597820" T="0.000000"/>
      <match seq="GGGCGG" p="416" n="2664" pvalue="5.8e-007" evalue="2.5e-002"/>
      <match seq="GAGCGG" p="368" n="2414" pvalue="2.5e-005" evalue="1.1e+000"/>
      <match seq="GGGCGC" p="302" n="1931" pvalue="3.1e-005" evalue="1.4e+000"/>
      <match seq="GAGCGC" p="271" n="1847" pvalue="2.9e-003" evalue="1.3e+002"/>
    </motif>
    <motif id="m07" alt="DREME-7" seq="CGGGHC" length="6" nsites="1334" p="769" n="5123" pvalue="5.2e-011" evalue="2.3e-006" unerased_evalue="1.2e-013">
      <pos A="0.000000" C="1.000000" G="0.000000" T="0.000000"/>
      <pos A="0.000000" C="0.000000" G="1.000000" T="0.000000"/>
      <pos A="0.000000" C="0.000000" G="1.000000" T="0.000000"/>
      <pos A="0.000000" C="0.000000" G="1.000000" T="0.000000"/>
      <pos A="0.332834" C="0.433283" G="0.000000" T="0.233883"/>
      <pos A="0.000000" C="1.000000" G="0.000000" T="0.000000"/>
      <match seq="CGGGCC" p="439" n="2855" pvalue="1.2e-006" evalue="5.0e-002"/>
      <match seq="CGGGAC" p="363" n="2311" pvalue="2.5e-006" evalue="1.1e-001"/>
      <match seq="CGGGTC" p="272" n="1796" pvalue="5.5e-004" evalue="2.4e+001"/>
    </motif>
    <motif id="m08" alt="DREME-8" seq="CSGRC" length="5" nsites="3725" p="1252" n="9122" pvalue="1.0e-011" evalue="4.4e-007" unerased_evalue="7.5e-011">
      <pos A="0.000000" C="1.000000" G="0.000000" T="0.000000"/>
      <pos A="0.000000" C="0.524027" G="0.475973" T="0.000000"/>
      <pos A="0.000000" C="0.000000" G="1.000000" T="0.000000"/>
      <pos A="0.332886" C="0.000000" G="0.667114" T="0.000000"/>
      <pos A="0.000000" C="1.000000" G="0.000000" T="0.000000"/>
      <match seq="CGGAC" p="476" n="3154" pvalue="2.3e-006" evalue="9.9e-002"/>
      <match seq="CCGGC" p="806" n="5790" pvalue="1.1e-005" evalue="4.8e-001"/>
      <match seq="CCGAC" p="524" n="3603" pvalue="2.8e-005" evalue="1.2e+000"/>
      <match seq="CGGGC" p="790" n="5709" pvalue="3.7e-005" evalue="1.6e+000"/>
    </motif>
    <motif id="m09" alt="DREME-9" seq="CWGCGS" length="6" nsites="1747" p="891" n="6160" pvalue="5.2e-010" evalue="2.2e-005" unerased_evalue="3.3e-008">
      <pos A="0.000000" C="1.000000" G="0.000000" T="0.000000"/>
      <pos A="0.477962" C="0.000000" G="0.000000" T="0.522038"/>
      <pos A="0.000000" C="0.000000" G="1.000000" T="0.000000"/>
      <pos A="0.000000" C="1.000000" G="0.000000" T="0.000000"/>
      <pos A="0.000000" C="0.000000" G="1.000000" T="0.000000"/>
      <pos A="0.000000" C="0.435031" G="0.564969" T="0.000000"/>
      <match seq="CAGCGC" p="337" n="2146" pvalue="6.8e-006" evalue="2.8e-001"/>
      <match seq="CTGCGG" p="406" n="2758" pvalue="1.4e-004" evalue="6.1e+000"/>
      <match seq="CAGCGG" p="371" n="2560" pvalue="9.0e-004" evalue="3.8e+001"/>
      <match seq="CTGCGC" p="326" n="2274" pvalue="3.6e-003" evalue="1.5e+002"/>
    </motif>
    <motif id="m10" alt="DREME-10" seq="CCCCC" length="5" nsites="5055" p="1356" n="10170" pvalue="8.1e-010" evalue="3.4e-005" unerased_evalue="1.0e-007">
      <pos A="0.000000" C="1.000000" G="0.000000" T="0.000000"/>
      <pos A="0.000000" C="1.000000" G="0.000000" T="0.000000"/>
      <pos A="0.000000" C="1.000000" G="0.000000" T="0.000000"/>
      <pos A="0.000000" C="1.000000" G="0.000000" T="0.000000"/>
      <pos A="0.000000" C="1.000000" G="0.000000" T="0.000000"/>
      <match seq="CCCCC" p="1356" n="10170" pvalue="8.1e-010" evalue="3.4e-005"/>
    </motif>
    <motif id="m11" alt="DREME-11" seq="CBTCGC" length="6" nsites="933" p="624" n="4187" pvalue="7.8e-008" evalue="3.2e-003" unerased_evalue="5.9e-009">
      <pos A="0.000000" C="1.000000" G="0.000000" T="0.000000"/>
      <pos A="0.000000" C="0.591640" G="0.117899" T="0.290461"/>
      <pos A="0.000000" C="0.000000" G="0.000000" T="1.000000"/>
      <pos A="0.000000" C="1.000000" G="0.000000" T="0.000000"/>
      <pos A="0.000000" C="0.000000" G="1.000000" T="0.000000"/>
      <pos A="0.000000" C="1.000000" G="0.000000" T="0.000000"/>
      <match seq="CCTCGC" p="433" n="2876" pvalue="1.1e-005" evalue="4.4e-001"/>
      <match seq="CGTCGC" p="104" n="540" pvalue="3.3e-005" evalue="1.4e+000"/>
      <match seq="CTTCGC" p="238" n="1523" pvalue="2.7e-004" evalue="1.1e+001"/>
    </motif>
    <motif id="m12" alt="DREME-12" seq="GGAGGGGW" length="8" nsites="598" p="468" n="3022" pvalue="1.9e-007" evalue="7.7e-003" unerased_evalue="1.4e-003">
      <pos A="0.000000" C="0.000000" G="1.000000" T="0.000000"/>
      <pos A="0.000000" C="0.000000" G="1.000000" T="0.000000"/>
      <pos A="1.000000" C="0.000000" G="0.000000" T="0.000000"/>
      <pos A="0.000000" C="0.000000" G="1.000000" T="0.000000"/>
      <pos A="0.000000" C="0.000000" G="1.000000" T="0.000000"/>
      <pos A="0.000000" C="0.000000" G="1.000000" T="0.000000"/>
      <pos A="0.000000" C="0.000000" G="1.000000" T="0.000000"/>
      <pos A="0.642140" C="0.000000" G="0.000000" T="0.357860"/>
      <match seq="GGAGGGGA" p="333" n="2141" pvalue="1.6e-005" evalue="6.7e-001"/>
      <match seq="GGAGGGGT" p="194" n="1215" pvalue="4.1e-004" evalue="1.7e+001"/>
    </motif>
    <motif id="m13" alt="DREME-13" seq="BCTCCGA" length="7" nsites="310" p="255" n="1474" pvalue="2.0e-007" evalue="8.2e-003" unerased_evalue="4.6e-005">
      <pos A="0.000000" C="0.406452" G="0.306452" T="0.287097"/>
      <pos A="0.000000" C="1.000000" G="0.000000" T="0.000000"/>
      <pos A="0.000000" C="0.000000" G="0.000000" T="1.000000"/>
      <pos A="0.000000" C="1.000000" G="0.000000" T="0.000000"/>
      <pos A="0.000000" C="1.000000" G="0.000000" T="0.000000"/>
      <pos A="0.000000" C="0.000000" G="1.000000" T="0.000000"/>
      <pos A="1.000000" C="0.000000" G="0.000000" T="0.000000"/>
      <match seq="CCTCCGA" p="117" n="669" pvalue="3.6e-004" evalue="1.5e+001"/>
      <match seq="TCTCCGA" p="84" n="457" pvalue="6.7e-004" evalue="2.8e+001"/>
      <match seq="GCTCCGA" p="84" n="466" pvalue="1.1e-003" evalue="4.6e+001"/>
    </motif>
    <motif id="m14" alt="DREME-14" seq="CGKTC" length="5" nsites="1467" p="896" n="6392" pvalue="3.2e-007" evalue="1.3e-002" unerased_evalue="5.2e-005">
      <pos A="0.000000" C="1.000000" G="0.000000" T="0.000000"/>
      <pos A="0.000000" C="0.000000" G="1.000000" T="0.000000"/>
      <pos A="0.000000" C="0.000000" G="0.421950" T="0.578050"/>
      <pos A="0.000000" C="0.000000" G="0.000000" T="1.000000"/>
      <pos A="0.000000" C="1.000000" G="0.000000" T="0.000000"/>
      <match seq="CGTTC" p="635" n="4526" pvalue="1.2e-004" evalue="5.1e+000"/>
      <match seq="CGGTC" p="487" n="3436" pvalue="6.1e-004" evalue="2.5e+001"/>
    </motif>
  </motifs>
  <run_time cpu="10726.88" real="10727.42" stop="evalue"/>
</dreme>
